foodcategory,fooditem,per100grams,cals_per100grams,kj_per100grams
cannedfruit,applesauce,100g,62,260
cannedfruit,cannedapricots,100g,48,202
cannedfruit,cannedblackberries,100g,92,386
cannedfruit,cannedblueberries,100g,88,370
cannedfruit,cannedcherries,100g,54,227
cannedfruit,cannedcranberries,100g,178,748
cannedfruit,cannedcrushedpineapple,100g,53,223
cannedfruit,cannedfigs,100g,107,449
cannedfruit,cannedfruitcocktail,100g,81,340
cannedfruit,cannedfruitsalad,100g,50,210
cannedfruit,cannedgooseberries,100g,73,307
cannedfruit,cannedgrapefruit,100g,37,155
cannedfruit,cannedgrapes,100g,76,319
cannedfruit,cannedmandarinoranges,100g,71,298
cannedfruit,cannedmango,100g,65,273
cannedfruit,cannedmangosteen,100g,73,307
cannedfruit,cannedmixedfruit,100g,71,298
cannedfruit,cannedmorellocherries,100g,81,340
cannedfruit,cannedoranges,100g,62,260
cannedfruit,cannedpeaches,100g,54,227
cannedfruit,cannedpears,100g,35,147
cannedfruit,cannedpineapple,100g,60,252
cannedfruit,cannedplums,100g,58,244
cannedfruit,cannedraspberries,100g,91,382
cannedfruit,cannedslicedpineapple,100g,53,223
cannedfruit,cannedsourcherries,100g,114,479
cannedfruit,cannedstrawberries,100g,92,386
cannedfruit,cannedtangerines,100g,61,256
cannedfruit,driedfruit,100g,243,1021
fruits,acai,100g,70,294
fruits,apple,100g,52,218
fruits,applesauce,100g,68,286
fruits,apricot,100g,48,202
fruits,avocado,100g,160,672
fruits,banana,100g,89,374
fruits,blackberries,100g,43,181
fruits,bloodoranges,100g,50,210
fruits,blueberries,100g,57,239
fruits,cantaloupe,100g,34,143
fruits,cherries,100g,50,210
fruits,clementine,100g,47,197
fruits,cranberries,100g,46,193
fruits,currants,100g,56,235
fruits,custardapple,100g,101,424
fruits,dates,100g,282,1184
fruits,figs,100g,74,311
fruits,fruitsalad,100g,50,210
fruits,grapes,100g,69,290
fruits,greengage,100g,41,172
fruits,guava,100g,68,286
fruits,jackfruit,100g,95,399
fruits,jujube,100g,79,332
fruits,kiwi,100g,61,256
fruits,lemon,100g,29,122
fruits,lime,100g,30,126
fruits,lychees,100g,66,277
fruits,mandarinoranges,100g,53,223
fruits,mango,100g,60,252
fruits,minneola,100g,64,269
fruits,mulberries,100g,43,181
fruits,nectarine,100g,44,185
fruits,olives,100g,115,483
fruits,orange,100g,47,197
fruits,papaya,100g,43,181
fruits,passionfruit,100g,97,407
fruits,peach,100g,39,164
fruits,pear,100g,57,239
fruits,persimmon,100g,127,533
fruits,physalis,100g,49,206
fruits,pineapple,100g,50,210
fruits,plantains,100g,122,512
fruits,plum,100g,46,193
fruits,pomegranate,100g,83,349
fruits,quince,100g,57,239
fruits,raisins,100g,299,1256
fruits,rambutan,100g,82,344
fruits,raspberries,100g,52,218
fruits,rhubarb,100g,21,88
fruits,starfruit,100g,31,130
fruits,strawberries,100g,32,134
fruits,tamarind,100g,239,1004
fruits,tangerine,100g,53,223
fruits,watermelon,100g,30,126
tropicalexoticfruits,acerola,100g,32,134
tropicalexoticfruits,asianpear,100g,42,176
tropicalexoticfruits,avocado,100g,160,672
tropicalexoticfruits,banana,100g,89,374
tropicalexoticfruits,breadfruit,100g,103,433
tropicalexoticfruits,cantaloupemelon,100g,34,143
tropicalexoticfruits,casabamelon,100g,28,118
tropicalexoticfruits,cherimoya,100g,75,315
tropicalexoticfruits,dragonfruit,100g,60,252
tropicalexoticfruits,durian,100g,147,617
tropicalexoticfruits,feijoa,100g,55,231
tropicalexoticfruits,galiamelon,100g,23,97
tropicalexoticfruits,grapefruit,100g,42,176
tropicalexoticfruits,guava,100g,68,286
tropicalexoticfruits,honeydew,100g,36,151
tropicalexoticfruits,jackfruit,100g,95,399
tropicalexoticfruits,kiwi,100g,61,256
tropicalexoticfruits,kumquat,100g,71,298
tropicalexoticfruits,lychee,100g,66,277
tropicalexoticfruits,mandarinoranges,100g,53,223
tropicalexoticfruits,mango,100g,60,252
tropicalexoticfruits,mangosteen,100g,73,307
tropicalexoticfruits,maracuya,100g,97,407
tropicalexoticfruits,maraschinocherries,100g,165,693
tropicalexoticfruits,muskmelon,100g,34,143
tropicalexoticfruits,noni,100g,53,223
tropicalexoticfruits,passionfruit,100g,97,407
tropicalexoticfruits,pineapple,100g,50,210
tropicalexoticfruits,pinkgrapefruit,100g,42,176
tropicalexoticfruits,plantain,100g,122,512
tropicalexoticfruits,pomegranate,100g,83,349
tropicalexoticfruits,pomelo,100g,38,160
tropicalexoticfruits,pricklypear,100g,41,172
tropicalexoticfruits,rambutan,100g,82,344
tropicalexoticfruits,sapodilla,100g,83,349
tropicalexoticfruits,soursopfruit,100g,66,277
tropicalexoticfruits,starfruit,100g,31,130
tropicalexoticfruits,tamarind,100g,239,1004
tropicalexoticfruits,watermelon,100g,30,126
potatoproducts,allbluepotatoes,100g,61,256
potatoproducts,bakedpotato,100g,93,391
potatoproducts,boiledpotatoes,100g,87,365
potatoproducts,cassava,100g,160,672
potatoproducts,croquettes,100g,127,533
potatoproducts,dumplingdough,100g,124,521
potatoproducts,dumplings,100g,124,521
potatoproducts,frenchfingerlingpotatoes,100g,82,344
potatoproducts,frenchfries,100g,312,1310
potatoproducts,friedpotatoes,100g,312,1310
potatoproducts,gnocchi,100g,133,559
potatoproducts,japanesesweetpotatoes,100g,87,365
potatoproducts,marrowdumplings,100g,424,1781
potatoproducts,mashedpotatoes,100g,89,374
potatoproducts,norlandredpotatoes,100g,89,374
potatoproducts,omelette,100g,154,647
potatoproducts,potato,100g,77,323
potatoproducts,potatodumpling,100g,124,521
potatoproducts,potatofritter,100g,185,777
potatoproducts,potatogratin,100g,132,554
potatoproducts,potatopancakes,100g,268,1126
potatoproducts,potatosalad,100g,143,601
potatoproducts,potatostarch,100g,331,1390
potatoproducts,potatosticks,100g,522,2192
potatoproducts,potatowaffles,100g,167,701
potatoproducts,potatowedges,100g,123,517
potatoproducts,potatoesaugratin,100g,132,554
potatoproducts,purplemajestypotatoes,100g,72,302
potatoproducts,redgoldpotatoes,100g,89,374
potatoproducts,redpotatoes,100g,89,374
potatoproducts,roastpotatoes,100g,149,626
potatoproducts,rosemarypotatoes,100g,93,391
potatoproducts,rösti,100g,138,580
potatoproducts,russetpotatoes,100g,97,407
potatoproducts,russianbananapotatoes,100g,67,281
potatoproducts,sweetpotato,100g,92,386
potatoproducts,whitepotatoes,100g,94,395
potatoproducts,yams,100g,116,487
potatoproducts,yukongoldpotatoes,100g,82,344
vegetables,artichoke,100g,47,197
vegetables,arugula,100g,25,105
vegetables,asparagus,100g,20,84
vegetables,aubergine,100g,25,105
vegetables,beetroot,100g,43,181
vegetables,bellpepper,100g,20,84
vegetables,blackolives,100g,115,483
vegetables,broccoli,100g,34,143
vegetables,brusselssprouts,100g,43,181
vegetables,cabbage,100g,25,105
vegetables,capsicum,100g,27,113
vegetables,carrot,100g,41,172
vegetables,cauliflower,100g,25,105
vegetables,celery,100g,16,67
vegetables,chard,100g,19,80
vegetables,cherrytomato,100g,100,420
vegetables,chicory,100g,72,302
vegetables,chinesecabbage,100g,16,67
vegetables,chives,100g,30,126
vegetables,collardgreens,100g,32,134
vegetables,corn,100g,365,1533
vegetables,courgette,100g,17,71
vegetables,creamedspinach,100g,74,311
vegetables,cucumber,100g,16,67
vegetables,eggplant,100g,25,105
vegetables,endive,100g,17,71
vegetables,fennel,100g,31,130
vegetables,garlic,100g,149,626
vegetables,gherkin,100g,14,59
vegetables,gourd,100g,14,59
vegetables,greenbeans,100g,31,130
vegetables,greenolives,100g,115,483
vegetables,greenonion,100g,32,134
vegetables,horseradish,100g,48,202
vegetables,kale,100g,49,206
vegetables,kohlrabi,100g,27,113
vegetables,kumara,100g,86,361
vegetables,leek,100g,61,256
vegetables,lettuce,100g,15,63
vegetables,mushrooms,100g,22,92
vegetables,mustardgreens,100g,27,113
vegetables,nori,100g,35,147
vegetables,okra,100g,33,139
vegetables,olives,100g,115,483
vegetables,onion,100g,40,168
vegetables,parsnips,100g,75,315
vegetables,peas,100g,81,340
vegetables,pepper,100g,27,113
vegetables,potato,100g,77,323
vegetables,pumpkin,100g,26,109
vegetables,radishes,100g,16,67
vegetables,redcabbage,100g,31,130
vegetables,rutabaga,100g,38,160
vegetables,shallots,100g,72,302
vegetables,spinach,100g,23,97
vegetables,squash,100g,45,189
vegetables,sweetpotato,100g,86,361
vegetables,tomato,100g,18,76
vegetables,turnipgreens,100g,20,84
vegetables,turnips,100g,28,118
vegetables,wasabi,100g,109,458
vegetables,wintersquash,100g,34,143
vegetables,zucchini,100g,17,71
fastfood,arbysgrandturkeyclub,100g,210,882
fastfood,arbysreuben,100g,208,874
fastfood,arbysroastbeefclassic,100g,234,983
fastfood,arbysroastbeefmax,100g,234,983
fastfood,bbqrib,100g,212,890
fastfood,beanburrito,100g,200,840
fastfood,bigntasty,100g,223,937
fastfood,bratwurst,100g,333,1399
fastfood,burgerkingangrywhopper,100g,255,1071
fastfood,burgerkingdoublewhopper,100g,239,1004
fastfood,burgerkingdoublewhopperwithcheese,100g,249,1046
fastfood,burgerkingoriginalchickensandwich,100g,301,1264
fastfood,burgerkingpremiumalaskanfishsandwich,100g,259,1088
fastfood,burgerkingtriplewhopper,100g,269,1130
fastfood,burgerkingwhopper,100g,231,970
fastfood,burgerkingwhopperjr,100g,234,983
fastfood,burgerkingwhopperwithcheese,100g,241,1012
fastfood,cheeseburger,100g,263,1105
fastfood,chickenbreast,100g,163,685
fastfood,chickenfajita,100g,147,617
fastfood,chickenmcnuggets,100g,302,1268
fastfood,chickennuggets,100g,296,1243
fastfood,chickenpizziola,100g,141,592
fastfood,chickensandwich,100g,241,1012
fastfood,chickenteriyakisandwich,100g,138,580
fastfood,chickenwings,100g,324,1361
fastfood,chopsuey,100g,172,722
fastfood,curlyfries,100g,311,1306
fastfood,doublecheeseburger,100g,267,1121
fastfood,eggroll,100g,250,1050
fastfood,falafel,100g,335,1407
fastfood,filetofish,100g,282,1184
fastfood,fishandchips,100g,195,819
fastfood,fishsandwich,100g,273,1147
fastfood,frenchfries,100g,312,1310
fastfood,grilledchickensalad,100g,88,370
fastfood,hamsandwich,100g,241,1012
fastfood,hamburger,100g,254,1067
fastfood,hotdog,100g,269,1130
fastfood,italianbmt,100g,183,769
fastfood,lasagna,100g,132,554
fastfood,mcdonaldsbigmac,100g,256,1075
fastfood,mcdonaldscheeseburger,100g,263,1105
fastfood,mcdonaldschickennuggets,100g,297,1247
fastfood,mcdonaldsdoublecheeseburger,100g,282,1184
fastfood,mcdonaldsfiletofish,100g,275,1155
fastfood,mcdonaldsmcchicken,100g,251,1054
fastfood,mcdonaldsmcdouble,100g,252,1058
fastfood,mcdonaldsmcmuffiegg,100g,225,945
fastfood,mcdonaldsmcrib,100g,265,1113
fastfood,mcdonaldsmightywings,100g,308,1294
fastfood,mcrib,100g,265,1113
fastfood,meatballsandwich,100g,161,676
fastfood,nachoswithcheese,100g,306,1285
fastfood,onionrings,100g,411,1726
fastfood,smokedsalmon,100g,158,664
fastfood,spicyitalian,100g,219,920
fastfood,subwayclubsandwich,100g,131,550
fastfood,tortillawrap,100g,271,1138
fastfood,tuna,100g,86,361
fastfood,turkey,100g,104,437
fastfood,veggieburger,100g,181,760
fastfood,veggiedelight,100g,138,580
fastfood,veggiepatty,100g,390,1638
fastfood,wendysbaconator,100g,304,1277
fastfood,wendysjrbaconcheeseburger,100g,261,1096
fastfood,wendysjrcheeseburger,100g,225,945
fastfood,wendyssonofbaconator,100g,321,1348
fastfood,whopper,100g,231,970
fastfood,zinger,100g,256,1075
fastfood,zingerburger,100g,256,1075
fastfood,poutine,100g,227,953
pizza,bbqchickenpizza,100g,234,983
pizza,bbqpizza,100g,224,941
pizza,beefpizza,100g,304,1277
pizza,biancapizza,100g,246,1033
pizza,buffalochickenpizza,100g,252,1058
pizza,calabresepizza,100g,235,987
pizza,calzone,100g,231,970
pizza,capricciosapizza,100g,260,1092
pizza,cheesepizza,100g,267,1121
pizza,chickenpizza,100g,234,983
pizza,deepdishpizza,100g,265,1113
pizza,dominosphillycheesesteakpizza,100g,224,941
pizza,fourcheesepizza,100g,221,928
pizza,goatcheesepizza,100g,219,920
pizza,grilledpizza,100g,226,949
pizza,hawaiianpizza,100g,115,483
pizza,margheritapizza,100g,275,1155
pizza,mozzarellapizza,100g,249,1046
pizza,mushroompizza,100g,212,890
pizza,napolipizza,100g,202,848
pizza,newyorkstylepizza,100g,169,710
pizza,pepperonipizza,100g,255,1071
pizza,pizzadough,100g,228,958
pizza,pizzahutstuffedcrustpizza,100g,255,1071
pizza,pizzahutsupremepizza,100g,248,1042
pizza,pizzarolls,100g,247,1037
pizza,quattroformaggipizza,100g,248,1042
pizza,redpepperpizza,100g,192,806
pizza,salamipizza,100g,255,1071
pizza,sausagepizza,100g,246,1033
pizza,seafoodpizza,100g,245,1029
pizza,shrimppizza,100g,209,878
pizza,sicilianpizza,100g,241,1012
pizza,spinachfetapizza,100g,242,1016
pizza,spinachpizza,100g,234,983
pizza,stuffedcrustpizza,100g,255,1071
pizza,tarteflambée,100g,253,1063
pizza,thincrustpizza,100g,261,1096
pizza,tunapizza,100g,254,1067
pizza,vegetablepizza,100g,256,1075
pizza,vegetarianpizza,100g,256,1075
pizza,veggiepizza,100g,231,970
pizza,whitepizza,100g,246,1033
cheese,americancheese,100g,148,622
cheese,applewood,100g,410,1722
cheese,asiagocheese,100g,392,1646
cheese,babybel,100g,333,1399
cheese,bluecheese,100g,353,1483
cheese,brie,100g,334,1403
cheese,camembert,100g,300,1260
cheese,cheddar,100g,403,1693
cheese,cheesefondue,100g,228,958
cheese,cheesespread,100g,290,1218
cheese,cheesewhiz,100g,276,1159
cheese,chester,100g,387,1625
cheese,colbycheese,100g,394,1655
cheese,colbyjackcheese,100g,394,1655
cheese,cottagecheese,100g,98,412
cheese,dutchcheese,100g,393,1651
cheese,edamcheese,100g,357,1499
cheese,emmentaler,100g,357,1499
cheese,feta,100g,264,1109
cheese,fontina,100g,389,1634
cheese,freshmozzarella,100g,280,1176
cheese,gjetost,100g,466,1957
cheese,goatcheese,100g,364,1529
cheese,gorgonzola,100g,350,1470
cheese,gouda,100g,356,1495
cheese,gratedparmesan,100g,431,1810
cheese,grilledcheese,100g,350,1470
cheese,gruyere,100g,413,1735
cheese,halloumi,100g,321,1348
cheese,havarti,100g,371,1558
cheese,italiancheese,100g,397,1667
cheese,jarlsberg,100g,352,1478
cheese,maasdamcheese,100g,344,1445
cheese,manchegocheese,100g,320,1344
cheese,monterey,100g,373,1567
cheese,montereyjackcheese,100g,373,1567
cheese,mozzarella,100g,280,1176
cheese,muenstercheese,100g,368,1546
cheese,neufchatel,100g,253,1063
cheese,parmesan,100g,431,1810
cheese,pecorino,100g,387,1625
cheese,provolone,100g,351,1474
cheese,raclettecheese,100g,357,1499
cheese,ricotta,100g,174,731
cheese,romano,100g,387,1625
cheese,roquefort,100g,369,1550
cheese,sheepcheese,100g,364,1529
cheese,softcheese,100g,268,1126
cheese,stiltoncheese,100g,393,1651
cheese,stringcheese,100g,250,1050
cheese,swisscheese,100g,380,1596
cheese,whitecheddar,100g,403,1693
cheese,wisconsincheese,100g,389,1634
creamcheese,chivecreamcheese,100g,342,1436
creamcheese,cottagecheese,100g,98,412
creamcheese,creamcheese,100g,342,1436
creamcheese,creamcheesewithherbs,100g,342,1436
creamcheese,fetacreamcheese,100g,342,1436
creamcheese,garliccreamcheese,100g,342,1436
creamcheese,goatcheese,100g,364,1529
creamcheese,horseradish,100g,48,202
creamcheese,mascarpone,100g,450,1890
creamcheese,obatzda,100g,303,1273
creamcheese,olivecreamcheese,100g,342,1436
creamcheese,pestocreamcheese,100g,342,1436
creamcheese,philadelphiacreamcheese,100g,342,1436
creamcheese,pineapplecreamcheese,100g,342,1436
creamcheese,salmoncreamcheese,100g,342,1436
creamcheese,vegetablecreamcheese,100g,342,1436
creamcheese,walnutcreamcheese,100g,342,1436
milkdairyproducts,almondmilk,100ml,17,71
milkdairyproducts,buttermilk,100ml,62,260
milkdairyproducts,chocolatemousse,100g,225,945
milkdairyproducts,coconutmilk,100ml,230,966
milkdairyproducts,coffeecreamer,100g,195,819
milkdairyproducts,condensedmilk,100g,321,1348
milkdairyproducts,cottagecheese,100g,98,412
milkdairyproducts,cream,100g,242,1016
milkdairyproducts,cremefraiche,100g,393,1651
milkdairyproducts,curd,100g,98,412
milkdairyproducts,custard,100g,122,512
milkdairyproducts,evaporatedmilk,100g,135,567
milkdairyproducts,goatmilk,100g,69,290
milkdairyproducts,hotchocolate,100ml,89,374
milkdairyproducts,kefir,100ml,55,231
milkdairyproducts,lactosefreemilk,100ml,52,218
milkdairyproducts,lassi,100ml,75,315
milkdairyproducts,milk,100ml,61,256
milkdairyproducts,plainyogurt,100g,61,256
milkdairyproducts,powderedmilk,100g,496,2083
milkdairyproducts,quark,100g,145,609
milkdairyproducts,ricemilk,100ml,49,206
milkdairyproducts,ricepudding,100g,118,496
milkdairyproducts,semiskimmedmilk,100ml,50,210
milkdairyproducts,semolinapudding,100g,67,281
milkdairyproducts,skimmilk,100ml,35,147
milkdairyproducts,sourcream,100g,181,760
milkdairyproducts,soymilk,100ml,45,189
milkdairyproducts,sweetenedcondensedmilk,100ml,321,1348
milkdairyproducts,tzatziki,100g,117,491
milkdairyproducts,whippedcream,100g,257,1079
milkdairyproducts,wholemilk,100ml,61,256
milkdairyproducts,yogurt,100g,61,256
slicedcheese,americancheese,100g,148,622
slicedcheese,applewood,100g,410,1722
slicedcheese,bergkäse,100g,418,1756
slicedcheese,buttercheese,100g,388,1630
slicedcheese,cheddar,100g,403,1693
slicedcheese,cheeseplatter,100g,357,1499
slicedcheese,cheeseslices,100g,356,1495
slicedcheese,colbycheese,100g,394,1655
slicedcheese,colbyjackcheese,100g,394,1655
slicedcheese,coldpackcheese,100g,246,1033
slicedcheese,edam,100g,357,1499
slicedcheese,edamcheese,100g,357,1499
slicedcheese,emmental,100g,357,1499
slicedcheese,emmentaler,100g,357,1499
slicedcheese,esromcheese,100g,322,1352
slicedcheese,folepi,100g,388,1630
slicedcheese,freshmozzarella,100g,280,1176
slicedcheese,gouda,100g,356,1495
slicedcheese,goudacheese,100g,356,1495
slicedcheese,havarti,100g,371,1558
slicedcheese,lacyswisscheese,100g,321,1348
slicedcheese,leerdammer,100g,284,1193
slicedcheese,leerdammercheese,100g,284,1193
slicedcheese,maasdamcheese,100g,344,1445
slicedcheese,montereyjackcheese,100g,373,1567
slicedcheese,mozzarella,100g,280,1176
slicedcheese,muenstercheese,100g,368,1546
slicedcheese,peppercheese,100g,100,420
slicedcheese,sandwichcheese,100g,148,622
slicedcheese,smokedcheese,100g,410,1722
slicedcheese,tilsit,100g,340,1428
slicedcheese,whiteamerican,100g,148,622
slicedcheese,whitecheddar,100g,403,1693
slicedcheese,younggouda,100g,356,1495
yogurt,activia,100g,74,311
yogurt,activialemon,100g,100,420
yogurt,activiastrawberry,100g,97,407
yogurt,aloeverayogurt,100g,85,357
yogurt,ayran,100ml,42,176
yogurt,birchermuesliyogurt,100g,109,458
yogurt,blueberryyogurt,100g,105,441
yogurt,cherryyogurt,100g,97,407
yogurt,chocolateyogurt,100g,128,538
yogurt,creamyogurt,100g,124,521
yogurt,creamyyogurt,100g,90,378
yogurt,dietyogurt,100g,54,227
yogurt,fruityogurt,100g,97,407
yogurt,greekyogurt,100g,53,223
yogurt,lowfatyogurt,100g,63,265
yogurt,moccayogurt,100g,100,420
yogurt,organicyogurt,100g,75,315
yogurt,peachyogurt,100g,97,407
yogurt,plainyogurt,100g,61,256
yogurt,probioticyogurt,100g,80,336
yogurt,skimmilkyogurt,100g,56,235
yogurt,stracciatellayogurt,100g,139,584
yogurt,strawberryyogurt,100g,100,420
yogurt,vanillayogurt,100g,101,424
yogurt,yogurt,100g,61,256
yogurt,yogurtcorner,100g,119,500
yogurt,yoplaitbostoncreampie,100g,90,378
yogurt,yoplaitfrenchvanilla,100g,100,420
yogurt,yoplaitgreekblueberry,100g,100,420
yogurt,yoplaitgreekcoconut,100g,100,420
yogurt,yoplaitgreekstrawberry,100g,100,420
yogurt,yoplaitgreekvanilla,100g,100,420
yogurt,yoplaitharvestpeach,100g,100,420
yogurt,yoplaitkeylimepie,100g,100,420
yogurt,yoplaitmango,100g,100,420
yogurt,yoplaitmixedberry,100g,100,420
yogurt,yoplaitpinacolada,100g,100,420
yogurt,yoplaitstrawberry,100g,100,420
yogurt,yoplaitstrawberrybanana,100g,100,420
yogurt,yoplaitstrawberrycheesecake,100g,100,420
beefveal,beef,100g,171,718
beefveal,beefbrisket,100g,137,575
beefveal,beeffillet,100g,189,794
beefveal,beefgoulash,100g,123,517
beefveal,beefminutesteak,100g,133,559
beefveal,beefneck,100g,213,895
beefveal,beefpancreas,100g,271,1138
beefveal,beefpatty,100g,247,1037
beefveal,beefprimerib,100g,404,1697
beefveal,beefribs,100g,196,823
beefveal,beefsirloin,100g,182,764
beefveal,beefsuet,100g,854,3587
beefveal,beeftallow,100g,902,3788
beefveal,beefthymus,100g,319,1340
beefveal,beeftripe,100g,94,395
beefveal,chuckroast,100g,141,592
beefveal,chucksteak,100g,137,575
beefveal,filetmignon,100g,207,869
beefveal,flanksteak,100g,194,815
beefveal,groundbeef,100g,241,1012
beefveal,groundchuck,100g,250,1050
beefveal,groundround,100g,212,890
beefveal,mincedveal,100g,143,601
beefveal,porterhousesteak,100g,247,1037
beefveal,ribeyesteak,100g,217,911
beefveal,roastbeef,100g,187,785
beefveal,rumpsteak,100g,171,718
beefveal,skirtsteak,100g,205,861
beefveal,stewbeef,100g,191,802
beefveal,stripsteak,100g,117,491
beefveal,tbonesteak,100g,221,928
beefveal,veal,100g,282,1184
beefveal,vealbreast,100g,282,1184
beefveal,vealleg,100g,211,886
beefveal,vealroastbeef,100g,175,735
beefveal,vealshank,100g,177,743
beefveal,vealshoulder,100g,183,769
beefveal,vealsirloin,100g,204,857
beefveal,vealtenderloin,100g,217,911
coldcutslunchmeat,bakedham,100g,343,1441
coldcutslunchmeat,beefsalami,100g,375,1575
coldcutslunchmeat,boiledham,100g,126,529
coldcutslunchmeat,bologna,100g,247,1037
coldcutslunchmeat,bresaola,100g,178,748
coldcutslunchmeat,capicola,100g,110,462
coldcutslunchmeat,chickenbreastfillet,100g,79,332
coldcutslunchmeat,choppedham,100g,180,756
coldcutslunchmeat,chorizo,100g,455,1911
coldcutslunchmeat,cornedbeef,100g,251,1054
coldcutslunchmeat,dutchloaf,100g,268,1126
coldcutslunchmeat,ham,100g,145,609
coldcutslunchmeat,hamsausage,100g,164,689
coldcutslunchmeat,headcheese,100g,157,659
coldcutslunchmeat,hickoryham,100g,188,790
coldcutslunchmeat,honeyham,100g,122,512
coldcutslunchmeat,liverwurst,100g,326,1369
coldcutslunchmeat,oliveloaf,100g,232,974
coldcutslunchmeat,ovenroastedturkeybreast,100g,104,437
coldcutslunchmeat,parmaham,100g,345,1449
coldcutslunchmeat,pastrami,100g,133,559
coldcutslunchmeat,pepperoni,100g,494,2075
coldcutslunchmeat,pimentoloaf,100g,265,1113
coldcutslunchmeat,porkroast,100g,247,1037
coldcutslunchmeat,prosciutto,100g,195,819
coldcutslunchmeat,roastbeef,100g,267,1121
coldcutslunchmeat,salami,100g,336,1411
coldcutslunchmeat,serranoham,100g,300,1260
coldcutslunchmeat,smokedham,100g,107,449
coldcutslunchmeat,smokedturkeybreast,100g,104,437
coldcutslunchmeat,summersausage,100g,298,1252
coldcutslunchmeat,tongue,100g,284,1193
coldcutslunchmeat,turkeybreast,100g,104,437
coldcutslunchmeat,turkeyham,100g,126,529
coldcutslunchmeat,turkeysalami,100g,152,638
meat,alligator,100g,232,974
meat,beef,100g,248,1042
meat,beefbrisket,100g,242,1016
meat,beefjerky,100g,410,1722
meat,beefribs,100g,238,1000
meat,beeftenderloin,100g,218,916
meat,chicken,100g,219,920
meat,chickenbreast,100g,172,722
meat,chickendrumstick,100g,185,777
meat,chickenfat,100g,898,3772
meat,chickengiblets,100g,158,664
meat,chickengizzards,100g,146,613
meat,chickenleg,100g,174,731
meat,chickenliver,100g,167,701
meat,chickenmeat,100g,172,722
meat,chickenthigh,100g,229,962
meat,chickenwing,100g,266,1117
meat,chucksteak,100g,277,1163
meat,cubedsteak,100g,199,836
meat,duck,100g,337,1415
meat,filetmignon,100g,267,1121
meat,flanksteak,100g,194,815
meat,flatironsteak,100g,137,575
meat,groundbeef,100g,246,1033
meat,groundround,100g,246,1033
meat,ham,100g,163,685
meat,newyorkstripsteak,100g,199,836
meat,ostrich,100g,145,609
meat,pork,100g,196,823
meat,porkbabybackribs,100g,212,890
meat,porkchops,100g,196,823
meat,porkcountrystyleribs,100g,247,1037
meat,porkloin,100g,204,857
meat,porkroast,100g,254,1067
meat,porksteaks,100g,196,823
meat,roastbeef,100g,140,588
meat,roundsteak,100g,182,764
meat,schnitzel,100g,156,655
meat,spareribs,100g,238,1000
meat,standingribroast,100g,333,1399
meat,tbonesteak,100g,202,848
meat,turkey,100g,189,794
meat,turkeybreast,100g,135,567
meat,turkeylegs,100g,208,874
meat,turkeysteak,100g,189,794
meat,turkeywings,100g,221,928
offalgiblets,beefbrain,100g,196,823
offalgiblets,beefheart,100g,165,693
offalgiblets,beefkidney,100g,158,664
offalgiblets,beefliver,100g,191,802
offalgiblets,beeflung,100g,120,504
offalgiblets,beefmelt,100g,271,1138
offalgiblets,beeftongue,100g,284,1193
offalgiblets,calfbrain,100g,136,571
offalgiblets,calfliver,100g,192,806
offalgiblets,calflung,100g,104,437
offalgiblets,calfmelt,100g,256,1075
offalgiblets,chickengiblets,100g,277,1163
offalgiblets,chickenheart,100g,185,777
offalgiblets,chickenliver,100g,172,722
offalgiblets,chickenstomach,100g,148,622
offalgiblets,chitterlings,100g,233,979
offalgiblets,duckliver,100g,136,571
offalgiblets,gooseliver,100g,133,559
offalgiblets,hogmaws,100g,157,659
offalgiblets,pigbrain,100g,138,580
offalgiblets,pigheart,100g,148,622
offalgiblets,pigkidney,100g,151,634
offalgiblets,piglung,100g,99,416
offalgiblets,porkliver,100g,165,693
offalgiblets,porkmelt,100g,219,920
offalgiblets,porktongue,100g,271,1138
offalgiblets,turkeygiblets,100g,173,727
offalgiblets,turkeyheart,100g,174,731
offalgiblets,turkeyliver,100g,189,794
offalgiblets,turkeystomach,100g,148,622
offalgiblets,vealheart,100g,186,781
offalgiblets,vealkidney,100g,163,685
offalgiblets,vealtongue,100g,202,848
pork,bacon,100g,407,1709
pork,brawn,100g,309,1298
pork,canadianstylebacon,100g,107,449
pork,chitterlings,100g,233,979
pork,groundpork,100g,263,1105
pork,hogmaws,100g,250,1050
pork,lard,100g,898,3772
pork,meatloaf,100g,89,374
pork,parmaham,100g,261,1096
pork,pigear,100g,166,697
pork,pigfat,100g,638,2680
pork,pigstail,100g,396,1663
pork,pigstrotter,100g,243,1021
pork,porkbacon,100g,407,1709
pork,porkbelly,100g,518,2176
pork,porkbladesteak,100g,232,974
pork,porkchop,100g,123,517
pork,porkcountrystyleribs,100g,133,559
pork,porkcrownroast,100g,212,890
pork,porkcutlet,100g,131,550
pork,porkcutlets,100g,131,550
pork,porkleg,100g,201,844
pork,porkloin,100g,143,601
pork,porkmeatloaf,100g,243,1021
pork,porkragout,100g,73,307
pork,porkribroast,100g,159,668
pork,porkribs,100g,292,1226
pork,porkroast,100g,194,815
pork,porksausage,100g,339,1424
pork,porkshank,100g,172,722
pork,porkshoulder,100g,269,1130
pork,porkshoulderblade,100g,232,974
pork,porkstomach,100g,250,1050
pork,rackofpork,100g,241,1012
pork,saltmeat,100g,286,1201
pork,saltpork,100g,286,1201
pork,serranoham,100g,339,1424
pork,spareribs,100g,396,1663
pork,spareribs,100g,238,1000
poultryfowl,capon,100g,229,962
poultryfowl,chicken,100g,219,920
poultryfowl,chickenbreast,100g,172,722
poultryfowl,chickendrumsticks,100g,185,777
poultryfowl,chickengizzards,100g,154,647
poultryfowl,chickenlegs,100g,174,731
poultryfowl,chickenthighs,100g,229,962
poultryfowl,chickenwings,100g,266,1117
poultryfowl,cornishhens,100g,259,1088
poultryfowl,dove,100g,213,895
poultryfowl,duck,100g,337,1415
poultryfowl,duckbreast,100g,201,844
poultryfowl,emu,100g,152,638
poultryfowl,goose,100g,305,1281
poultryfowl,guineafowl,100g,158,664
poultryfowl,ostrich,100g,145,609
poultryfowl,ostrichmeat,100g,145,609
poultryfowl,pheasant,100g,239,1004
poultryfowl,pheasantbreast,100g,133,559
poultryfowl,pheasantleg,100g,239,1004
poultryfowl,pigeon,100g,142,596
poultryfowl,poularde,100g,200,840
poultryfowl,quail,100g,227,953
poultryfowl,quailbreast,100g,123,517
poultryfowl,rhea,100g,160,672
poultryfowl,turkey,100g,189,794
poultryfowl,turkeybreast,100g,135,567
poultryfowl,turkeycutlet,100g,189,794
poultryfowl,turkeydrumsticks,100g,208,874
poultryfowl,turkeylegs,100g,208,874
poultryfowl,turkeysteak,100g,189,794
poultryfowl,turkeywings,100g,221,928
poultryfowl,wildduck,100g,211,886
sausage,andouille,100g,232,974
sausage,bacon,100g,407,1709
sausage,blackpudding,100g,379,1592
sausage,bloodsausage,100g,379,1592
sausage,bockwurst,100g,301,1264
sausage,boiledham,100g,104,437
sausage,bologna,100g,247,1037
sausage,boudin,100g,194,815
sausage,bratwurst,100g,297,1247
sausage,brawn,100g,157,659
sausage,breakfastsausagelinks,100g,339,1424
sausage,cheesepastry,100g,374,1571
sausage,chickenbreast,100g,79,332
sausage,chickenmeat,100g,79,332
sausage,chickensalad,100g,81,340
sausage,chorizo,100g,455,1911
sausage,cookedham,100g,133,559
sausage,cornedbeef,100g,153,643
sausage,cumberlandsausage,100g,250,1050
sausage,frankfurters,100g,305,1281
sausage,garlicsausage,100g,169,710
sausage,hotdogs,100g,278,1168
sausage,hotsausage,100g,259,1088
sausage,italiansausage,100g,149,626
sausage,jerky,100g,410,1722
sausage,kielbasa,100g,309,1298
sausage,knackwurst,100g,307,1289
sausage,landjaeger,100g,352,1478
sausage,linguica,100g,282,1184
sausage,liverpate,100g,319,1340
sausage,liverwurst,100g,326,1369
sausage,luncheonmeat,100g,117,491
sausage,mettwurst,100g,310,1302
sausage,mortadella,100g,311,1306
sausage,pastrami,100g,133,559
sausage,pepperoni,100g,494,2075
sausage,polishsausage,100g,301,1264
sausage,pork,100g,247,1037
sausage,porkroll,100g,302,1268
sausage,prosciutto,100g,195,819
sausage,ringbologna,100g,286,1201
sausage,salami,100g,336,1411
sausage,sausage,100g,230,966
sausage,smokedsausage,100g,301,1264
sausage,souse,100g,157,659
sausage,spam,100g,315,1323
sausage,weisswurst,100g,313,1315
venisongame,alligator,100g,104,437
venisongame,alligatormeat,100g,232,974
venisongame,antelopemeat,100g,150,630
venisongame,bearmeat,100g,259,1088
venisongame,beavermeat,100g,212,890
venisongame,bison,100g,171,718
venisongame,bisonmeat,100g,171,718
venisongame,bisonsirloin,100g,171,718
venisongame,buffalo,100g,131,550
venisongame,buffalomeat,100g,131,550
venisongame,caribou,100g,159,668
venisongame,goose,100g,238,1000
venisongame,goosemeat,100g,238,1000
venisongame,lamb,100g,202,848
venisongame,lambmeat,100g,202,848
venisongame,mallardduckmeat,100g,211,886
venisongame,mallardmeat,100g,211,886
venisongame,moose,100g,134,563
venisongame,moosemeat,100g,134,563
venisongame,mutton,100g,234,983
venisongame,muttonmeat,100g,234,983
venisongame,ostrich,100g,175,735
venisongame,ostrichmeat,100g,175,735
venisongame,pheasant,100g,239,1004
venisongame,pheasantmeat,100g,239,1004
venisongame,rabbit,100g,197,827
venisongame,racoon,100g,255,1071
venisongame,racoonmeat,100g,255,1071
venisongame,reindeer,100g,200,840
venisongame,reindeermeat,100g,200,840
venisongame,squirrel,100g,173,727
venisongame,squirrelmeat,100g,173,727
venisongame,venison,100g,164,689
venisongame,venisonsirloin,100g,158,664
venisongame,wildboar,100g,160,672
venisongame,wildboarmeat,100g,160,672
cakespies,angelfoodcake,100g,258,1084
cakespies,applecake,100g,252,1058
cakespies,applecobbler,100g,198,832
cakespies,applecrisp,100g,156,655
cakespies,applecrumble,100g,156,655
cakespies,applepie,100g,237,995
cakespies,applestrudel,100g,274,1151
cakespies,appleturnover,100g,348,1462
cakespies,applesaucecake,100g,358,1504
cakespies,bakedalaska,100g,247,1037
cakespies,bakewelltart,100g,430,1806
cakespies,banoffeepie,100g,395,1659
cakespies,birthdaycake,100g,465,1953
cakespies,blackandwhitecookie,100g,381,1600
cakespies,blackforestcake,100g,264,1109
cakespies,blueberrycobbler,100g,234,983
cakespies,blueberrymuffin,100g,377,1583
cakespies,blueberrypie,100g,232,974
cakespies,bundtcake,100g,370,1554
cakespies,buttermilkpie,100g,380,1596
cakespies,caramelcake,100g,475,1995
cakespies,carrotcake,100g,408,1714
cakespies,cheesecake,100g,321,1348
cakespies,cherrypie,100g,260,1092
cakespies,chesspie,100g,411,1726
cakespies,chocolatecake,100g,389,1634
cakespies,chocolatecreampie,100g,304,1277
cakespies,chocolatemoussecake,100g,260,1092
cakespies,chocolatemoussepie,100g,260,1092
cakespies,chocolatemuffin,100g,420,1764
cakespies,coconutcake,100g,356,1495
cakespies,coffeecake,100g,331,1390
cakespies,creampuff,100g,334,1403
cakespies,crumbcake,100g,441,1852
cakespies,cupcake,100g,305,1281
cakespies,danishpastry,100g,374,1571
cakespies,donut,100g,403,1693
cakespies,doughnut,100g,403,1693
cakespies,flan,100g,145,609
cakespies,flourlesschocolatecake,100g,509,2138
cakespies,frenchcruller,100g,412,1730
cakespies,fruitcake,100g,324,1361
cakespies,funnelcake,100g,307,1289
cakespies,germanchocolatecake,100g,370,1554
cakespies,gingerbread,100g,356,1495
cakespies,icecreamcake,100g,200,840
cakespies,keylimepie,100g,359,1508
cakespies,kingcake,100g,377,1583
cakespies,layercake,100g,402,1688
cakespies,lemoncake,100g,352,1478
cakespies,lemonmeringuepie,100g,268,1126
cakespies,madeiracake,100g,394,1655
cakespies,marblecake,100g,339,1424
cakespies,meringue,100g,285,1197
cakespies,operacake,100g,320,1344
cakespies,paczki,100g,336,1411
cakespies,pancake,100g,227,953
cakespies,panettone,100g,360,1512
cakespies,pavlova,100g,294,1235
cakespies,peachcobbler,100g,65,273
cakespies,peachpie,100g,223,937
cakespies,pecanpie,100g,407,1709
cakespies,pineappleupsidedowncake,100g,319,1340
cakespies,plumcake,100g,109,458
cakespies,poppyseedcake,100g,394,1655
cakespies,poundcake,100g,390,1638
cakespies,profiterole,100g,334,1403
cakespies,puffpastry,100g,558,2344
cakespies,pumpkinbread,100g,298,1252
cakespies,pumpkincheesecake,100g,340,1428
cakespies,pumpkinpie,100g,243,1021
cakespies,raspberrypie,100g,240,1008
cakespies,redvelvetcake,100g,367,1541
cakespies,rhubarbpie,100g,245,1029
cakespies,rumcake,100g,351,1474
cakespies,sachertorte,100g,352,1478
cakespies,spongecake,100g,289,1214
cakespies,strawberrycheesecake,100g,327,1373
cakespies,strawberrypie,100g,230,966
cakespies,strawberryrhubarbpie,100g,281,1180
cakespies,sweetpotatopie,100g,260,1092
cakespies,swissroll,100g,439,1844
cakespies,tartetatin,100g,210,882
cakespies,tiramisu,100g,283,1189
cakespies,tiramisucake,100g,291,1222
cakespies,treacletart,100g,369,1550
cakespies,treslechescake,100g,246,1033
cakespies,trifle,100g,180,756
cakespies,victoriaspongecake,100g,257,1079
cakespies,waffles,100g,312,1310
cakespies,weddingcake,100g,381,1600
candysweets,3musketeers,100g,400,1680
candysweets,aftereight,100g,452,1898
candysweets,airheads,100g,375,1575
candysweets,almondroca,100g,571,2398
candysweets,angeldelight,100g,451,1894
candysweets,animalcrackers,100g,446,1873
candysweets,babyruth,100g,469,1970
candysweets,butterfinger,100g,450,1890
candysweets,buttermilkpancakes,100g,238,1000
candysweets,candyapple,100g,152,638
candysweets,candycane,100g,423,1777
candysweets,candycanes,100g,423,1777
candysweets,candycorn,100g,360,1512
candysweets,candyfloss,100g,400,1680
candysweets,caramelpopcorn,100g,376,1579
candysweets,caramelsquares,100g,367,1541
candysweets,celebrations,100g,490,2058
candysweets,cheezits,100g,533,2239
candysweets,chocolate,100g,529,2222
candysweets,chocolatebar,100g,533,2239
candysweets,chocolatechips,100g,493,2071
candysweets,cookies,100g,488,2050
candysweets,cottoncandy,100g,643,2701
candysweets,eggybread,100g,196,823
candysweets,fairycakes,100g,440,1848
candysweets,ferrerorocher,100g,576,2419
candysweets,flapjack,100g,486,2041
candysweets,fortunecookies,100g,214,899
candysweets,granolabars,100g,452,1898
candysweets,gumdrops,100g,321,1348
candysweets,gummibears,100g,316,1327
candysweets,hanuta,100g,541,2272
candysweets,hersheykisses,100g,471,1978
candysweets,jellybeans,100g,354,1487
candysweets,jellybelly,100g,354,1487
candysweets,jollyranchers,100g,385,1617
candysweets,jordanalmonds,100g,429,1802
candysweets,kitkat,100g,521,2188
candysweets,laffytaffy,100g,372,1562
candysweets,licorice,100g,375,1575
candysweets,lifesavers,100g,500,2100
candysweets,lindtchocolate,100g,548,2302
candysweets,liquorice,100g,375,1575
candysweets,lollipop,100g,392,1646
candysweets,mms,100g,479,2012
candysweets,maltesers,100g,498,2092
candysweets,marsbar,100g,448,1882
candysweets,marshmallows,100g,318,1336
candysweets,marzipan,100g,411,1726
candysweets,mikeandike,100g,360,1512
candysweets,milkduds,100g,422,1772
candysweets,milkyway,100g,449,1886
candysweets,payday,100g,462,1940
candysweets,peanutbar,100g,533,2239
candysweets,peanutbrittle,100g,183,769
candysweets,peanutbutterbars,100g,379,1592
candysweets,peanutbuttercookies,100g,475,1995
candysweets,peppermintbark,100g,500,2100
candysweets,pez,100g,427,1793
candysweets,poprocks,100g,358,1504
candysweets,popcorn,100g,582,2444
candysweets,pumpkinseeds,100g,560,2352
candysweets,reesespeanutbuttercups,100g,536,2251
candysweets,ricepudding,100g,134,563
candysweets,roastedalmonds,100g,452,1898
candysweets,rolo,100g,474,1991
candysweets,smores,100g,500,2100
candysweets,semolina,100g,340,1428
candysweets,skittles,100g,405,1701
candysweets,smarties,100g,357,1499
candysweets,smores,100g,500,2100
candysweets,snickers,100g,484,2033
candysweets,sourpatchkids,100g,363,1525
candysweets,speculoos,100g,469,1970
candysweets,spritzcookies,100g,500,2100
candysweets,take5,100g,476,1999
candysweets,toblerone,100g,525,2205
candysweets,trifle,100g,186,781
candysweets,twix,100g,495,2079
candysweets,waffles,100g,272,1142
candysweets,whoopiepie,100g,400,1680
icecream,baskinrobbins,100g,239,1004
icecream,benandjerrys,100g,228,958
icecream,butterpecanicecream,100g,248,1042
icecream,carvel,100g,212,890
icecream,chocolatechipicecream,100g,215,903
icecream,chocolateicecream,100g,216,907
icecream,ciaobella,100g,109,458
icecream,coffeeicecream,100g,236,991
icecream,coldstonecreamery,100g,232,974
icecream,cookiedoughicecream,100g,200,840
icecream,crunchiemcflurry,100g,174,731
icecream,dairymilkmcflurry,100g,186,781
icecream,dippindots,100g,224,941
icecream,doublerainbow,100g,257,1079
icecream,drumsticks,100g,255,1071
icecream,frenchvanillaicecream,100g,201,844
icecream,friendlys,100g,212,890
icecream,healthychoice,100g,125,525
icecream,hotfudgesundae,100g,186,781
icecream,icecreamsandwich,100g,237,995
icecream,icecreamsundae,100g,142,596
icecream,icemilk,100g,159,668
icecream,magnolia,100g,230,966
icecream,magnum,100g,300,1260
icecream,magnumalmond,100g,315,1323
icecream,magnumdoublecaramel,100g,355,1491
icecream,magnumdoublechocolate,100g,380,1596
icecream,magnumgold,100g,341,1432
icecream,magnumwhite,100g,297,1247
icecream,mcflurry,100g,153,643
icecream,mcflurryoreo,100g,186,781
icecream,minimilk,100g,120,504
icecream,mintchocolatechipicecream,100g,239,1004
icecream,rockyroadicecream,100g,257,1079
icecream,schwans,100g,246,1033
icecream,smartiesmcflurry,100g,198,832
icecream,snickersicecream,100g,360,1512
icecream,softserve,100g,222,932
icecream,solero,100g,100,420
icecream,strawberryicecream,100g,236,991
icecream,strawberrysundae,100g,158,664
icecream,sundae,100g,215,903
icecream,turkeyhill,100g,271,1138
icecream,vanillacone,100g,162,680
icecream,vanillaicecream,100g,201,844
fruitjuices,acaijuice,100ml,58,244
fruitjuices,aloevera,100ml,44,185
fruitjuices,applejuice,100ml,46,193
fruitjuices,apricotnectar,100ml,56,235
fruitjuices,bananajuice,100ml,50,210
fruitjuices,blackberryjuice,100ml,48,202
fruitjuices,boysenberryjuice,100ml,54,227
fruitjuices,caprisun,100ml,41,172
fruitjuices,carrotjuice,100ml,40,168
fruitjuices,chamomiletea,100ml,0,0
fruitjuices,cherryjuice,100ml,45,189
fruitjuices,clamato,100ml,60,252
fruitjuices,coconutmilk,100ml,233,979
fruitjuices,coconutwater,100ml,19,80
fruitjuices,concordgrape,100ml,71,298
fruitjuices,cranberryapplejuice,100ml,67,281
fruitjuices,cranberrygrapejuice,100ml,71,298
fruitjuices,cranberryjuice,100ml,46,193
fruitjuices,cucumberjuice,100ml,10,42
fruitjuices,currantjuice,100ml,48,202
fruitjuices,energydrink,100ml,87,365
fruitjuices,fruitopia,100ml,110,462
fruitjuices,grapejuice,100ml,60,252
fruitjuices,grapefruitjuice,100ml,46,193
fruitjuices,lemonjuice,100ml,21,88
fruitjuices,lemonade,100ml,50,210
fruitjuices,limejuice,100ml,21,88
fruitjuices,limeade,100ml,128,538
fruitjuices,mangolassi,100ml,66,277
fruitjuices,nestea,100ml,21,88
fruitjuices,orangejuice,100ml,46,193
fruitjuices,papayajuice,100ml,58,244
fruitjuices,passionfruitjuice,100ml,48,202
fruitjuices,peachjuice,100ml,54,227
fruitjuices,peachnectar,100ml,54,227
fruitjuices,pearjuice,100ml,60,252
fruitjuices,pearnectar,100ml,60,252
fruitjuices,pineapplejuice,100ml,53,223
fruitjuices,pineappleorangejuice,100ml,50,210
fruitjuices,plumjuice,100ml,71,298
fruitjuices,pomegranatejuice,100ml,66,277
fruitjuices,sauerkrautjuice,100ml,14,59
fruitjuices,tangerinejuice,100ml,43,181
fruitjuices,tomatojuice,100ml,17,71
fruitjuices,vegetablejuice,100ml,21,88
fruitjuices,whitegrapejuice,100ml,75,315
alcoholicdrinksbeverages,absinthe,100ml,348,1462
alcoholicdrinksbeverages,advocaat,100ml,283,1189
alcoholicdrinksbeverages,amaretto,100ml,310,1302
alcoholicdrinksbeverages,applejack,100ml,233,979
alcoholicdrinksbeverages,asti,100ml,138,580
alcoholicdrinksbeverages,baileysirishcream,100ml,327,1373
alcoholicdrinksbeverages,baileys,100ml,327,1373
alcoholicdrinksbeverages,beer,100ml,43,181
alcoholicdrinksbeverages,bluecuracao,100ml,243,1021
alcoholicdrinksbeverages,bourbon,100ml,233,979
alcoholicdrinksbeverages,brandy,100ml,213,895
alcoholicdrinksbeverages,canadianwhiskey,100ml,216,907
alcoholicdrinksbeverages,chambord,100ml,348,1462
alcoholicdrinksbeverages,champagne,100ml,75,315
alcoholicdrinksbeverages,cider,100ml,49,206
alcoholicdrinksbeverages,cognac,100ml,235,987
alcoholicdrinksbeverages,cointreau,100ml,320,1344
alcoholicdrinksbeverages,drambuie,100ml,358,1504
alcoholicdrinksbeverages,frangelico,100ml,238,1000
alcoholicdrinksbeverages,gin,100ml,263,1105
alcoholicdrinksbeverages,glenfiddich,100ml,230,966
alcoholicdrinksbeverages,grandmarnier,100ml,253,1063
alcoholicdrinksbeverages,irishwhiskey,100ml,233,979
alcoholicdrinksbeverages,jackdaniels,100ml,146,613
alcoholicdrinksbeverages,jagermeister,100ml,250,1050
alcoholicdrinksbeverages,jimbeam,100ml,222,932
alcoholicdrinksbeverages,kahlua,100ml,180,756
alcoholicdrinksbeverages,liqueur,100ml,250,1050
alcoholicdrinksbeverages,liquor,100ml,250,1050
alcoholicdrinksbeverages,midori,100ml,267,1121
alcoholicdrinksbeverages,prosecco,100ml,66,277
alcoholicdrinksbeverages,punch,100ml,62,260
alcoholicdrinksbeverages,redwine,100ml,85,357
alcoholicdrinksbeverages,rosewine,100ml,71,298
alcoholicdrinksbeverages,rum,100ml,231,970
alcoholicdrinksbeverages,sambuca,100ml,333,1399
alcoholicdrinksbeverages,sangria,100ml,96,403
alcoholicdrinksbeverages,scotch,100ml,222,932
alcoholicdrinksbeverages,sherry,100ml,116,487
alcoholicdrinksbeverages,sloegin,100ml,332,1394
alcoholicdrinksbeverages,southerncomfort,100ml,247,1037
alcoholicdrinksbeverages,tequila,100ml,110,462
alcoholicdrinksbeverages,triplesec,100ml,153,643
alcoholicdrinksbeverages,vermouth,100ml,130,546
alcoholicdrinksbeverages,vodka,100ml,231,970
alcoholicdrinksbeverages,whisky,100ml,250,1050
alcoholicdrinksbeverages,whitewine,100ml,82,344
alcoholicdrinksbeverages,wine,100ml,83,349
beer,ale,100ml,35,147
beer,altbier,100ml,43,181
beer,bass,100ml,45,189
beer,becks,100ml,39,164
beer,beer,100ml,43,181
beer,bluemoon,100ml,48,202
beer,bockbeer,100ml,50,210
beer,bucklerna,100ml,21,88
beer,budice,100ml,35,147
beer,budlight,100ml,29,122
beer,budlightchelada,100ml,43,181
beer,budlightlime,100ml,34,143
beer,budselect,100ml,28,118
beer,budselect55,100ml,15,63
beer,budweiser,100ml,41,172
beer,budweiserchelada,100ml,52,218
beer,busch,100ml,37,155
beer,buschlight,100ml,27,113
beer,buschna,100ml,17,71
beer,carlsberg,100ml,32,134
beer,clausthalerna,100ml,26,109
beer,colt45,100ml,44,185
beer,coors,100ml,42,176
beer,coorslight,100ml,29,122
beer,coorsna,100ml,18,76
beer,corona,100ml,42,176
beer,darkbeer,100ml,46,193
beer,geneseecreamale,100ml,46,193
beer,gingerbeer,100ml,42,176
beer,guinness,100ml,35,147
beer,heineken,100ml,35,147
beer,honeybrown,100ml,42,176
beer,hurricanehighgravity,100ml,39,164
beer,ipa,100ml,51,214
beer,keystoneice,100ml,40,168
beer,keystonelight,100ml,29,122
beer,koelsch,100ml,43,181
beer,labatt,100ml,43,181
beer,lagerbeer,100ml,43,181
beer,landshark,100ml,42,176
beer,lightbeer,100ml,29,122
beer,lowenbrau,100ml,45,189
beer,maltbeer,100ml,37,155
beer,michelobamberbock,100ml,47,197
beer,micheloblager,100ml,44,185
beer,micheloblight,100ml,32,134
beer,michelobultra,100ml,27,113
beer,michelobultraamber,100ml,26,109
beer,michelobultralimecactus,100ml,27,113
beer,millerchill,100ml,31,130
beer,millergenuinedraft,100ml,40,168
beer,millerhighlife,100ml,40,168
beer,millerhighlifelight,100ml,31,130
beer,millerlite,100ml,27,113
beer,milwaukeesbest,100ml,36,151
beer,milwaukeesbestlight,100ml,28,118
beer,molson,100ml,42,176
beer,naturalice,100ml,44,185
beer,naturallight,100ml,27,113
beer,newcastle,100ml,39,164
beer,nonalcoholicbeer,100ml,37,155
beer,odoulsna,100ml,19,80
beer,oldmilwaukee,100ml,41,172
beer,oldmilwaukeena,100ml,16,67
beer,oldeenglish,100ml,45,189
beer,pabstblueribbon,100ml,41,172
beer,paleale,100ml,42,176
beer,pilsner,100ml,43,181
beer,porter,100ml,54,227
beer,redbridgeglutenfree,100ml,45,189
beer,rollingrock,100ml,37,155
beer,rollingrocklight,100ml,30,126
beer,rootbeer,100ml,41,172
beer,samueladams,100ml,45,189
beer,shocktop,100ml,47,197
beer,shocktopraspberrywheat,100ml,50,210
beer,sierranevadastrong,100ml,62,260
beer,sparks,100ml,74,311
beer,stpauligirl,100ml,42,176
beer,steelreserve,100ml,63,265
beer,stout,100ml,51,214
beer,stoutbeer,100ml,51,214
beer,strongbeer,100ml,55,231
beer,tilt,100ml,64,269
beer,wheatbeer,100ml,45,189
nonalcoholicdrinksbeverages,acedrink,100ml,44,185
nonalcoholicdrinksbeverages,applespritzer,100ml,24,101
nonalcoholicdrinksbeverages,chai,100ml,0,0
nonalcoholicdrinksbeverages,chaitea,100ml,0,0
nonalcoholicdrinksbeverages,chocolatemilk,100ml,89,374
nonalcoholicdrinksbeverages,chocolatemilkshake,100ml,125,525
nonalcoholicdrinksbeverages,clubmate,100ml,30,126
nonalcoholicdrinksbeverages,cocacola,100ml,42,176
nonalcoholicdrinksbeverages,coffee,100ml,1,4
nonalcoholicdrinksbeverages,cokezero,100ml,1,4
nonalcoholicdrinksbeverages,cola,100ml,42,176
nonalcoholicdrinksbeverages,crystallight,100ml,263,1105
nonalcoholicdrinksbeverages,dietcoke,100ml,1,4
nonalcoholicdrinksbeverages,eggcream,100ml,94,395
nonalcoholicdrinksbeverages,eggnog,100ml,88,370
nonalcoholicdrinksbeverages,elderflowercordial,100ml,29,122
nonalcoholicdrinksbeverages,evian,100ml,0,0
nonalcoholicdrinksbeverages,gatorade,100ml,23,97
nonalcoholicdrinksbeverages,gingertea,100ml,0,0
nonalcoholicdrinksbeverages,hawaiianpunch,100ml,31,130
nonalcoholicdrinksbeverages,hic,100ml,49,206
nonalcoholicdrinksbeverages,horchata,100ml,54,227
nonalcoholicdrinksbeverages,hotchocolate,100ml,89,374
nonalcoholicdrinksbeverages,icetea,100ml,27,113
nonalcoholicdrinksbeverages,icedtea,100ml,27,113
nonalcoholicdrinksbeverages,karamalz,100ml,37,155
nonalcoholicdrinksbeverages,kombucha,100ml,13,55
nonalcoholicdrinksbeverages,koolaid,100ml,26,109
nonalcoholicdrinksbeverages,lassi,100ml,104,437
nonalcoholicdrinksbeverages,lattemacchiato,100ml,57,239
nonalcoholicdrinksbeverages,lemonade,100ml,42,176
nonalcoholicdrinksbeverages,maltbeer,100ml,37,155
nonalcoholicdrinksbeverages,milk,100ml,61,256
nonalcoholicdrinksbeverages,milkshakedry,100g,329,1382
nonalcoholicdrinksbeverages,milo,100g,409,1718
nonalcoholicdrinksbeverages,nectar,100ml,53,223
nonalcoholicdrinksbeverages,nestea,100ml,36,151
nonalcoholicdrinksbeverages,nonalcoholicbeer,100ml,37,155
nonalcoholicdrinksbeverages,powerade,100ml,16,67
nonalcoholicdrinksbeverages,slurpee,100ml,4,17
nonalcoholicdrinksbeverages,slushpuppie,100ml,50,210
nonalcoholicdrinksbeverages,smoothie,100ml,37,155
nonalcoholicdrinksbeverages,soymilk,100ml,45,189
nonalcoholicdrinksbeverages,strawberrymilkshake,100ml,113,475
nonalcoholicdrinksbeverages,tang,100g,381,1600
nonalcoholicdrinksbeverages,tapwater,100ml,0,0
nonalcoholicdrinksbeverages,tea,100ml,1,4
nonalcoholicdrinksbeverages,vanillamilkshake,100ml,149,626
nonalcoholicdrinksbeverages,volvic,100ml,0,0
nonalcoholicdrinksbeverages,water,100ml,0,0
nonalcoholicdrinksbeverages,yerbamate,100ml,62,260
sodasoftdrinks,7up,100ml,44,185
sodasoftdrinks,barqs,100ml,46,193
sodasoftdrinks,bitterlemon,100ml,34,143
sodasoftdrinks,canadadrygingerale,100ml,41,172
sodasoftdrinks,cherrycoke,100ml,44,185
sodasoftdrinks,coke,100ml,42,176
sodasoftdrinks,cokezero,100ml,0,0
sodasoftdrinks,dietcherrycoke,100ml,1,4
sodasoftdrinks,dietcoke,100ml,1,4
sodasoftdrinks,dietdrpepper,100ml,0,0
sodasoftdrinks,dietpepsi,100ml,0,0
sodasoftdrinks,dietsunkist,100ml,0,0
sodasoftdrinks,drbrowns,100ml,53,223
sodasoftdrinks,drpepper,100ml,27,113
sodasoftdrinks,fanta,100ml,39,164
sodasoftdrinks,fantazero,100ml,0,0
sodasoftdrinks,fivealive,100ml,35,147
sodasoftdrinks,fresca,100ml,0,0
sodasoftdrinks,fullthrottle,100ml,110,462
sodasoftdrinks,fuze,100ml,20,84
sodasoftdrinks,fuzetea,100ml,25,105
sodasoftdrinks,gatorade,100ml,25,105
sodasoftdrinks,gingerale,100ml,35,147
sodasoftdrinks,icetea,100ml,27,113
sodasoftdrinks,joltcola,100ml,44,185
sodasoftdrinks,koolaid,100ml,26,109
sodasoftdrinks,lemonade,100ml,42,176
sodasoftdrinks,melloyello,100ml,49,206
sodasoftdrinks,minutemaid,100ml,46,193
sodasoftdrinks,minutemaidlight,100ml,2,8
sodasoftdrinks,mugrootbeer,100ml,42,176
sodasoftdrinks,orangesoda,100ml,48,202
sodasoftdrinks,pepsi,100ml,44,185
sodasoftdrinks,pibbxtra,100ml,40,168
sodasoftdrinks,powerade,100ml,120,504
sodasoftdrinks,schweppesgingerale,100ml,38,160
sodasoftdrinks,soda,100ml,53,223
sodasoftdrinks,sprite,100ml,37,155
sodasoftdrinks,spritezero,100ml,0,0
sodasoftdrinks,squirt,100ml,44,185
sodasoftdrinks,sunkist,100ml,25,105
sodasoftdrinks,surge,100ml,48,202
sodasoftdrinks,tab,100ml,0,0
sodasoftdrinks,tonicwater,100ml,35,147
sodasoftdrinks,vanillacoke,100ml,45,189
wine,cabernetsauvignon,100ml,77,323
wine,cava,100ml,76,319
wine,champagne,100ml,76,319
wine,chardonnay,100ml,85,357
wine,cheninblanc,100ml,80,336
wine,chocolatewine,100ml,256,1075
wine,dryredwine,100ml,85,357
wine,gamay,100ml,78,328
wine,malbec,100ml,82,344
wine,malbecwine,100ml,82,344
wine,marsalawine,100ml,100,420
wine,merlot,100ml,83,349
wine,merlotwine,100ml,83,349
wine,moscatowine,100ml,76,319
wine,mulledwine,100ml,196,823
wine,pinotgris,100ml,83,349
wine,pinotnoir,100ml,75,315
wine,plumwine,100ml,163,685
wine,portwine,100ml,160,672
wine,prosecco,100ml,71,298
wine,redwine,100ml,85,357
wine,redwines,100ml,85,357
wine,riesling,100ml,80,336
wine,rieslingwine,100ml,80,336
wine,rosewine,100ml,71,298
wine,sangria,100ml,132,554
wine,sauvignonblanc,100ml,81,340
wine,sherry,100ml,116,487
wine,shiraz,100ml,71,298
wine,sparklingwine,100ml,190,798
wine,sweetredwine,100ml,81,340
wine,sweetwhitewine,100ml,82,344
wine,sweetwines,100ml,83,349
wine,vermouth,100ml,108,454
wine,whitewine,100ml,82,344
wine,whitezinfandel,100ml,88,370
wine,wine,100ml,83,349
wine,yellowtailwine,100ml,71,298
wine,zinfandel,100ml,88,370
cerealproducts,amaranth,100g,371,1558
cerealproducts,barley,100g,354,1487
cerealproducts,barleygroats,100g,100,420
cerealproducts,brownrice,100g,388,1630
cerealproducts,buckwheat,100g,343,1441
cerealproducts,buckwheatgroats,100g,346,1453
cerealproducts,cornwaffles,100g,274,1151
cerealproducts,cornmeal,100g,362,1520
cerealproducts,cornstarch,100g,381,1600
cerealproducts,couscous,100g,376,1579
cerealproducts,cracker,100g,502,2108
cerealproducts,durumwheatsemolina,100g,397,1667
cerealproducts,flaxseed,100g,534,2243
cerealproducts,freekeh,100g,520,2184
cerealproducts,gluten,100g,370,1554
cerealproducts,grissini,100g,408,1714
cerealproducts,kamut,100g,337,1415
cerealproducts,millet,100g,378,1588
cerealproducts,milletflour,100g,372,1562
cerealproducts,milletgruel,100g,46,193
cerealproducts,oatbran,100g,246,1033
cerealproducts,pearlbarley,100g,352,1478
cerealproducts,polenta,100g,366,1537
cerealproducts,prawncrackers,100g,527,2213
cerealproducts,pretzelsticks,100g,380,1596
cerealproducts,quinoa,100g,368,1546
cerealproducts,rusk,100g,410,1722
cerealproducts,ryebran,100g,281,1180
cerealproducts,sago,100g,354,1487
cerealproducts,savourybiscuits,100g,347,1457
cerealproducts,shortbread,100g,502,2108
cerealproducts,spelt,100g,338,1420
cerealproducts,speltbran,100g,177,743
cerealproducts,speltsemolina,100g,360,1512
cerealproducts,sunflowerseeds,100g,584,2453
cerealproducts,tortilla,100g,237,995
cerealproducts,tortillachips,100g,499,2096
cerealproducts,wheatbran,100g,216,907
cerealproducts,wheatgerm,100g,382,1604
cerealproducts,wheatgluten,100g,325,1365
cerealproducts,wheatsemolina,100g,360,1512
cerealproducts,wheatstarch,100g,351,1474
cerealproducts,wholegrainwheat,100g,339,1424
cerealproducts,wholegrainoat,100g,375,1575
oatmealmueslicereals,branflakes,100g,356,1495
oatmealmueslicereals,capncrunch,100g,404,1697
oatmealmueslicereals,cheerios,100g,347,1457
oatmealmueslicereals,chex,100g,387,1625
oatmealmueslicereals,chocolatecheerios,100g,367,1541
oatmealmueslicereals,chocos,100g,380,1596
oatmealmueslicereals,cinnamontoastcrunch,100g,433,1819
oatmealmueslicereals,cocopops,100g,376,1579
oatmealmueslicereals,cocoakrispies,100g,386,1621
oatmealmueslicereals,cocoapebbles,100g,367,1541
oatmealmueslicereals,cocoapuffs,100g,400,1680
oatmealmueslicereals,cookiecrisp,100g,400,1680
oatmealmueslicereals,cornflakes,100g,357,1499
oatmealmueslicereals,cornpops,100g,377,1583
oatmealmueslicereals,countchocula,100g,407,1709
oatmealmueslicereals,cracklinoatbran,100g,402,1688
oatmealmueslicereals,creamofwheat,100g,364,1529
oatmealmueslicereals,crunchynut,100g,600,2520
oatmealmueslicereals,crunchynutcornflakes,100g,600,2520
oatmealmueslicereals,fiberone,100g,267,1121
oatmealmueslicereals,frootloops,100g,379,1592
oatmealmueslicereals,frostedcheerios,100g,393,1651
oatmealmueslicereals,frostedflakes,100g,367,1541
oatmealmueslicereals,frostedminiwheats,100g,353,1483
oatmealmueslicereals,frosties,100g,367,1541
oatmealmueslicereals,fruitypebbles,100g,400,1680
oatmealmueslicereals,goldengrahams,100g,400,1680
oatmealmueslicereals,grapenuts,100g,362,1520
oatmealmueslicereals,honeynutcheerios,100g,393,1651
oatmealmueslicereals,honeysmacks,100g,370,1554
oatmealmueslicereals,honeycomb,100g,397,1667
oatmealmueslicereals,justright,100g,391,1642
oatmealmueslicereals,kashi,100g,377,1583
oatmealmueslicereals,kelloggscornflakes,100g,357,1499
oatmealmueslicereals,kix,100g,367,1541
oatmealmueslicereals,krave,100g,372,1562
oatmealmueslicereals,lifecereal,100g,375,1575
oatmealmueslicereals,luckycharms,100g,406,1705
oatmealmueslicereals,maltomeal,100g,51,214
oatmealmueslicereals,miniwheats,100g,353,1483
oatmealmueslicereals,muesli,100g,336,1411
oatmealmueslicereals,multigraincheerios,100g,380,1596
oatmealmueslicereals,nutrigrain,100g,351,1474
oatmealmueslicereals,oatibix,100g,421,1768
oatmealmueslicereals,oatmeal,100g,375,1575
oatmealmueslicereals,peanutbuttertoastcrunch,100g,431,1810
oatmealmueslicereals,postraisinbran,100g,322,1352
oatmealmueslicereals,postshreddedwheat,100g,347,1457
oatmealmueslicereals,puff,100g,367,1541
oatmealmueslicereals,puffedrice,100g,383,1609
oatmealmueslicereals,puffedwheat,100g,367,1541
oatmealmueslicereals,quakergrits,100g,344,1445
oatmealmueslicereals,quakeroatmeal,100g,375,1575
oatmealmueslicereals,quakeroatmealsquares,100g,400,1680
oatmealmueslicereals,raisinbran,100g,322,1352
oatmealmueslicereals,raisinbrancrunch,100g,355,1491
oatmealmueslicereals,raisinnutbran,100g,367,1541
oatmealmueslicereals,readybrek,100g,359,1508
oatmealmueslicereals,ricechex,100g,387,1625
oatmealmueslicereals,ricekrispies,100g,394,1655
oatmealmueslicereals,scooters,100g,367,1541
oatmealmueslicereals,shreddedwheat,100g,340,1428
oatmealmueslicereals,shreddies,100g,351,1474
oatmealmueslicereals,smartstart,100g,371,1558
oatmealmueslicereals,specialk,100g,377,1583
oatmealmueslicereals,specialkchocolateydelight,100g,388,1630
oatmealmueslicereals,specialkproteinplus,100g,375,1575
oatmealmueslicereals,specialkredberries,100g,345,1449
oatmealmueslicereals,sugarpuffs,100g,379,1592
oatmealmueslicereals,toasties,100g,361,1516
oatmealmueslicereals,trix,100g,400,1680
oatmealmueslicereals,weetbix,100g,353,1483
oatmealmueslicereals,weetabix,100g,358,1504
oatmealmueslicereals,weetos,100g,378,1588
oatmealmueslicereals,wheaties,100g,367,1541
pastanoodles,cannelloni,100g,146,613
pastanoodles,capellini,100g,353,1483
pastanoodles,cappelletti,100g,164,689
pastanoodles,cellophanenoodles,100g,351,1474
pastanoodles,cheesetortellini,100g,291,1222
pastanoodles,dampfnudel,100g,274,1151
pastanoodles,dumplingdough,100g,99,416
pastanoodles,durumwheatsemolina,100g,397,1667
pastanoodles,eggnoodles,100g,384,1613
pastanoodles,farfalle,100g,358,1504
pastanoodles,fettuccine,100g,353,1483
pastanoodles,fusilli,100g,352,1478
pastanoodles,glassnoodles,100g,192,806
pastanoodles,lasagnesheets,100g,271,1138
pastanoodles,linguine,100g,357,1499
pastanoodles,lowcarbpasta,100g,282,1184
pastanoodles,macaroni,100g,370,1554
pastanoodles,manicotti,100g,357,1499
pastanoodles,mostaccioli,100g,184,773
pastanoodles,orecchiette,100g,370,1554
pastanoodles,orzo,100g,357,1499
pastanoodles,penne,100g,351,1474
pastanoodles,pennerigate,100g,370,1554
pastanoodles,pierogi,100g,200,840
pastanoodles,ravioli,100g,77,323
pastanoodles,rigatoni,100g,353,1483
pastanoodles,rotini,100g,353,1483
pastanoodles,shells,100g,353,1483
pastanoodles,shiratakinoodles,100g,18,76
pastanoodles,soynoodles,100g,216,907
pastanoodles,spaetzle,100g,368,1546
pastanoodles,spaghetti,100g,370,1554
pastanoodles,spinachtortellini,100g,314,1319
pastanoodles,spirelli,100g,367,1541
pastanoodles,tagliatelle,100g,370,1554
pastanoodles,tortellini,100g,291,1222
pastanoodles,vermicelli,100g,368,1546
pastanoodles,wholegrainnoodles,100g,347,1457
pastanoodles,wholegrainspaghetti,100g,351,1474
pastanoodles,ziti,100g,352,1478
dishesmeals,babybackribs,100g,259,1088
dishesmeals,baconandeggs,100g,252,1058
dishesmeals,bakedbeans,100g,94,395
dishesmeals,bakedchicken,100g,164,689
dishesmeals,bbqribs,100g,255,1071
dishesmeals,beefstew,100g,95,399
dishesmeals,biryani,100g,176,739
dishesmeals,blackpudding,100g,253,1063
dishesmeals,blackrice,100g,323,1357
dishesmeals,blt,100g,247,1037
dishesmeals,brownrice,100g,362,1520
dishesmeals,burrito,100g,163,685
dishesmeals,butterchicken,100g,140,588
dishesmeals,californiaroll,100g,93,391
dishesmeals,chickencaesarsalad,100g,127,533
dishesmeals,chickenfriedsteak,100g,151,634
dishesmeals,chickenmarsala,100g,96,403
dishesmeals,chickenparmesan,100g,110,462
dishesmeals,chickenpotpie,100g,223,937
dishesmeals,chickentikkamasala,100g,81,340
dishesmeals,chiliconcarne,100g,105,441
dishesmeals,chimichanga,100g,232,974
dishesmeals,cobbsalad,100g,118,496
dishesmeals,collardgreens,100g,28,118
dishesmeals,corndog,100g,250,1050
dishesmeals,cornedbeefhash,100g,164,689
dishesmeals,cottagepie,100g,139,584
dishesmeals,dal,100g,330,1386
dishesmeals,deviledeggs,100g,201,844
dishesmeals,dimsum,100g,193,811
dishesmeals,dosa,100g,66,277
dishesmeals,enchiladas,100g,168,706
dishesmeals,fajita,100g,117,491
dishesmeals,fishandchips,100g,195,819
dishesmeals,friedrice,100g,186,781
dishesmeals,friedshrimp,100g,277,1163
dishesmeals,grilledcheesesandwich,100g,288,1210
dishesmeals,hamandcheesesandwich,100g,241,1012
dishesmeals,hummus,100g,177,743
dishesmeals,jambalaya,100g,100,420
dishesmeals,kebab,100g,215,903
dishesmeals,lasagne,100g,132,554
dishesmeals,macandcheese,100g,370,1554
dishesmeals,macaroniandcheese,100g,370,1554
dishesmeals,mashedpotatoes,100g,83,349
dishesmeals,meatpie,100g,242,1016
dishesmeals,meatloaf,100g,254,1067
dishesmeals,naan,100g,310,1302
dishesmeals,orangechicken,100g,259,1088
dishesmeals,padthai,100g,150,630
dishesmeals,paella,100g,156,655
dishesmeals,paratha,100g,325,1365
dishesmeals,peasoup,100g,75,315
dishesmeals,peanutbuttersandwich,100g,408,1714
dishesmeals,pekingduck,100g,225,945
dishesmeals,phillycheesesteak,100g,250,1050
dishesmeals,pizza,100g,267,1121
dishesmeals,porkchop,100g,225,945
dishesmeals,potatosalad,100g,143,601
dishesmeals,pulledporksandwich,100g,211,886
dishesmeals,ramen,100g,447,1877
dishesmeals,ravioli,100g,203,853
dishesmeals,reubensandwich,100g,208,874
dishesmeals,roastbeef,100g,111,466
dishesmeals,roastdinner,100g,198,832
dishesmeals,samosa,100g,214,899
dishesmeals,sausageroll,100g,350,1470
dishesmeals,sausagerolls,100g,297,1247
dishesmeals,shepherdspie,100g,70,294
dishesmeals,shrimpcocktail,100g,464,1949
dishesmeals,sloppyjoe,100g,71,298
dishesmeals,sloppyjoes,100g,154,647
dishesmeals,spaghettibolognese,100g,132,554
dishesmeals,springroll,100g,250,1050
dishesmeals,springrolls,100g,250,1050
dishesmeals,taco,100g,217,911
dishesmeals,tandoorichicken,100g,113,475
dishesmeals,yorkshirepudding,100g,553,2323
soups,alphabetsoup,100g,25,105
soups,beanstew,100g,133,559
soups,beefbouillon,100g,3,13
soups,beefnoodlesoup,100g,34,143
soups,beefsoup,100g,33,139
soups,bouillon,100g,16,67
soups,broccolicheesesoup,100g,87,365
soups,broccolisoup,100g,87,365
soups,cabbagesoup,100g,28,118
soups,carrotgingersoup,100g,25,105
soups,carrotsoup,100g,25,105
soups,chickenbouillon,100g,4,17
soups,chickenbroth,100g,16,67
soups,chickengumbosoup,100g,23,97
soups,chickennoodlesoup,100g,25,105
soups,chickenstock,100g,16,67
soups,chickenvegetablesoup,100g,31,130
soups,chickenwithricesoup,100g,24,101
soups,creamofasparagussoup,100g,35,147
soups,creamofbroccolisoup,100g,45,189
soups,creamofcelerysoup,100g,37,155
soups,creamofchickensoup,100g,48,202
soups,creamofmushroomsoup,100g,39,164
soups,creamofonionsoup,100g,44,185
soups,creamofpotatosoup,100g,30,126
soups,creamychickennoodlesoup,100g,23,97
soups,frenchonionsoup,100g,23,97
soups,goldenmushroomsoup,100g,65,273
soups,goulash,100g,1009,4238
soups,instantramen,100g,436,1831
soups,lentilsoup,100g,56,235
soups,lobsterbisquesoup,100g,100,420
soups,meatballsoup,100g,49,206
soups,minestrone,100g,34,143
soups,mushroomsoup,100g,35,147
soups,noodlesoup,100g,34,143
soups,onionsoup,100g,23,97
soups,oxtailsoup,100g,28,118
soups,peasoup,100g,75,315
soups,potatosoup,100g,80,336
soups,pumpkinsoup,100g,29,122
soups,ramen,100g,436,1831
soups,scotchbroth,100g,33,139
soups,succotash,100g,115,483
soups,thaisoup,100g,60,252
soups,tomatoricesoup,100g,47,197
soups,tomatosoup,100g,30,126
soups,vegetablebeefsoup,100g,31,130
soups,vegetablebroth,100g,5,21
soups,vegetablesoup,100g,28,118
soups,vegetablestock,100g,5,21
soups,weddingsoup,100g,53,223
legumes,azukibean,100g,124,521
legumes,bambooshoots,100g,27,113
legumes,beancurd,100g,76,319
legumes,beansprouts,100g,30,126
legumes,bengalgram,100g,364,1529
legumes,blackbeans,100g,341,1432
legumes,blackchickpeas,100g,364,1529
legumes,blackgram,100g,341,1432
legumes,brownlentil,100g,353,1483
legumes,butternut,100g,612,2570
legumes,chickpeas,100g,364,1529
legumes,chilibean,100g,97,407
legumes,dal,100g,230,966
legumes,deepfriedtofu,100g,271,1138
legumes,extrafirmtofu,100g,91,382
legumes,firmtofu,100g,70,294
legumes,flageolet,100g,85,357
legumes,friedbeancurd,100g,271,1138
legumes,greenbeans,100g,31,130
legumes,greengram,100g,347,1457
legumes,greenlentil,100g,257,1079
legumes,kidneybeans,100g,337,1415
legumes,lentils,100g,353,1483
legumes,limabeans,100g,71,298
legumes,marron,100g,210,882
legumes,miso,100g,199,836
legumes,mungbeans,100g,12,50
legumes,natto,100g,212,890
legumes,navybean,100g,337,1415
legumes,okara,100g,77,323
legumes,okra,100g,33,139
legumes,peanuts,100g,567,2381
legumes,peas,100g,42,176
legumes,pecan,100g,691,2902
legumes,pintobeans,100g,347,1457
legumes,puylentils,100g,345,1449
legumes,rajma,100g,140,588
legumes,redbeans,100g,124,521
legumes,redkidneybean,100g,337,1415
legumes,redlentils,100g,329,1382
legumes,refriedbeans,100g,91,382
legumes,roastedsoybeans,100g,471,1978
legumes,silkentofu,100g,55,231
legumes,softtofu,100g,61,256
legumes,soycheese,100g,235,987
legumes,soymayonnaise,100g,322,1352
legumes,soynutbutter,100g,562,2360
legumes,soynuts,100g,471,1978
legumes,soyyogurt,100g,66,277
legumes,soyacheese,100g,235,987
legumes,soybeans,100g,147,617
legumes,soynutbutter,100g,562,2360
legumes,sugarpeas,100g,42,176
legumes,sweetpeas,100g,48,202
legumes,tempeh,100g,193,811
legumes,texturedsoyprotein,100g,571,2398
legumes,texturedvegetableprotein,100g,333,1399
legumes,tofu,100g,76,319
legumes,whitebeans,100g,336,1411
legumes,yambean,100g,38,160
legumes,yellowlentils,100g,304,1277
legumes,yuba,100g,176,739
nutsseeds,acorn,100g,387,1625
nutsseeds,alfalfasprouts,100g,23,97
nutsseeds,almonds,100g,575,2415
nutsseeds,beechnut,100g,576,2419
nutsseeds,brazilnuts,100g,656,2755
nutsseeds,breadfruit,100g,191,802
nutsseeds,butternut,100g,612,2570
nutsseeds,cashew,100g,553,2323
nutsseeds,chestnut,100g,213,895
nutsseeds,chiaseeds,100g,486,2041
nutsseeds,coconut,100g,354,1487
nutsseeds,cottonseeds,100g,506,2125
nutsseeds,flaxseed,100g,534,2243
nutsseeds,ginkgonuts,100g,182,764
nutsseeds,goabean,100g,409,1718
nutsseeds,hazelnut,100g,628,2638
nutsseeds,hickorynuts,100g,657,2759
nutsseeds,limabeans,100g,71,298
nutsseeds,lotusseed,100g,89,374
nutsseeds,macadamianuts,100g,718,3016
nutsseeds,peanuts,100g,567,2381
nutsseeds,peas,100g,81,340
nutsseeds,pecannuts,100g,691,2902
nutsseeds,pecans,100g,691,2902
nutsseeds,pilinuts,100g,719,3020
nutsseeds,pinenuts,100g,673,2827
nutsseeds,pintobeans,100g,347,1457
nutsseeds,pistachios,100g,562,2360
nutsseeds,poppyseeds,100g,525,2205
nutsseeds,pumpkinseeds,100g,559,2348
nutsseeds,radishseeds,100g,43,181
nutsseeds,safflowerseeds,100g,517,2171
nutsseeds,sesameseeds,100g,573,2407
nutsseeds,smokedalmonds,100g,575,2415
nutsseeds,soybeans,100g,147,617
nutsseeds,sunflowerseeds,100g,584,2453
nutsseeds,sweetchestnut,100g,194,815
nutsseeds,walnuts,100g,654,2747
nutsseeds,watermelon,100g,30,126
oilsfats,almondoil,100ml,882,3704
oilsfats,avocadooil,100ml,857,3599
oilsfats,butter,100g,720,3024
oilsfats,canolaoil,100ml,884,3713
oilsfats,coconutoil,100ml,857,3599
oilsfats,codliveroil,100ml,1000,4200
oilsfats,cornoil,100ml,800,3360
oilsfats,cottonseedoil,100ml,882,3704
oilsfats,flaxseedoil,100ml,884,3713
oilsfats,ghee,100g,120,504
oilsfats,goosefat,100g,898,3772
oilsfats,grapeseedoil,100ml,884,3713
oilsfats,hempoil,100ml,807,3389
oilsfats,herringoil,100ml,902,3788
oilsfats,icantbelieveitsnotbutter,100g,357,1499
oilsfats,lard,100g,902,3788
oilsfats,macadamiaoil,100ml,819,3440
oilsfats,margarine,100g,717,3011
oilsfats,mustardoil,100ml,884,3713
oilsfats,oliveoil,100ml,884,3713
oilsfats,palmoil,100ml,882,3704
oilsfats,peanutoil,100ml,857,3599
oilsfats,realbutter,100g,720,3024
oilsfats,ricebranoil,100ml,889,3734
oilsfats,saffloweroil,100ml,857,3599
oilsfats,sardineoil,100ml,902,3788
oilsfats,sesameoil,100ml,884,3713
oilsfats,soybeanoil,100ml,889,3734
oilsfats,sunfloweroil,100ml,884,3713
oilsfats,walnutoil,100ml,889,3734
vegetableoils,almondoil,100ml,882,3704
vegetableoils,apricotkerneloil,100ml,889,3734
vegetableoils,arganoil,100ml,896,3763
vegetableoils,avocadooil,100ml,857,3599
vegetableoils,babassuoil,100ml,884,3713
vegetableoils,canolaoil,100ml,884,3713
vegetableoils,coconutoil,100ml,857,3599
vegetableoils,cornoil,100ml,800,3360
vegetableoils,cottonseedoil,100ml,882,3704
vegetableoils,flaxseedoil,100ml,884,3713
vegetableoils,grapeseedoil,100ml,884,3713
vegetableoils,hazelnutoil,100ml,889,3734
vegetableoils,linseedoil,100ml,837,3515
vegetableoils,menhadenoil,100ml,911,3826
vegetableoils,mustardoil,100ml,884,3713
vegetableoils,oatoil,100ml,884,3713
vegetableoils,oliveoil,100ml,800,3360
vegetableoils,palmkerneloil,100ml,882,3704
vegetableoils,palmoil,100ml,882,3704
vegetableoils,peanutoil,100ml,857,3599
vegetableoils,poppyseedoil,100ml,884,3713
vegetableoils,pumpkinseedoil,100ml,880,3696
vegetableoils,ricebranoil,100ml,889,3734
vegetableoils,saffloweroil,100ml,857,3599
vegetableoils,salmonoil,100ml,911,3826
vegetableoils,sesameoil,100ml,889,3734
vegetableoils,sheaoil,100ml,884,3713
vegetableoils,soyoil,100ml,882,3704
vegetableoils,sunfloweroil,100ml,884,3713
vegetableoils,tomatoseedoil,100ml,884,3713
vegetableoils,vegetableoil,100ml,800,3360
vegetableoils,walnutoil,100ml,889,3734
vegetableoils,wheatgermoil,100ml,929,3902
bakingingredients,agaragar,100g,26,109
bakingingredients,agavesyrup,100ml,310,1302
bakingingredients,allpurposeflour,100ml,364,1529
bakingingredients,almondextract,100ml,258,1084
bakingingredients,almonds,100g,529,2222
bakingingredients,applepiefilling,100g,100,420
bakingingredients,bakingpowder,100g,53,223
bakingingredients,bakingsoda,100g,0,0
bakingingredients,breadflour,100g,361,1516
bakingingredients,brittle,100g,592,2486
bakingingredients,brownsugar,100g,395,1659
bakingingredients,buttermilk,100ml,62,260
bakingingredients,butterscotchchips,100g,539,2264
bakingingredients,cakeflour,100g,362,1520
bakingingredients,candiedorangepeel,100g,97,407
bakingingredients,canesugar,100g,387,1625
bakingingredients,chocolatechips,100g,467,1961
bakingingredients,chocolatesprinkles,100g,500,2100
bakingingredients,cocoapowder,100g,228,958
bakingingredients,coconutflakes,100g,456,1915
bakingingredients,coconutmilk,100ml,50,210
bakingingredients,cornflour,100g,361,1516
bakingingredients,cornsyrup,100ml,281,1180
bakingingredients,cornmeal,100g,362,1520
bakingingredients,cornstarch,100g,381,1600
bakingingredients,couverture,100g,600,2520
bakingingredients,creamcheese,100g,54,227
bakingingredients,creamoftartar,100g,258,1084
bakingingredients,crystallizedginger,100g,335,1407
bakingingredients,custardpowder,100g,337,1415
bakingingredients,darkrum,100ml,216,907
bakingingredients,dextrose,100g,375,1575
bakingingredients,driedapricots,100g,241,1012
bakingingredients,driedcranberries,100g,308,1294
bakingingredients,driedfigs,100g,249,1046
bakingingredients,driedprunes,100g,107,449
bakingingredients,duckegg,100g,185,777
bakingingredients,egg,100g,97,407
bakingingredients,eggnog,100g,88,370
bakingingredients,eggwhite,100g,13,55
bakingingredients,eggyolk,100g,322,1352
bakingingredients,evaporatedmilk,100g,134,563
bakingingredients,flour,100g,364,1529
bakingingredients,fructose,100g,368,1546
bakingingredients,gelatin,100g,335,1407
bakingingredients,glucose,100g,286,1201
bakingingredients,glucosesyrup,100g,387,1625
bakingingredients,granulatedsugar,100g,387,1625
bakingingredients,groundcinnamon,100g,247,1037
bakingingredients,hazelnuts,100g,628,2638
bakingingredients,heavycream,100g,345,1449
bakingingredients,jaggery,100g,383,1609
bakingingredients,lemonpiefilling,100g,143,601
bakingingredients,maltpowder,100g,361,1516
bakingingredients,maltedmilk,100g,405,1701
bakingingredients,maltitol,100g,210,882
bakingingredients,maltodextrin,100g,375,1575
bakingingredients,maltose,100g,344,1445
bakingingredients,maplesyrup,100ml,270,1134
bakingingredients,molasses,100g,290,1218
bakingingredients,nonpareils,100g,475,1995
bakingingredients,peppermintextract,100ml,0,0
bakingingredients,poppyseeds,100g,525,2205
bakingingredients,powderedmilk,100g,496,2083
bakingingredients,powderedsugar,100g,389,1634
bakingingredients,proteinpowder,100g,411,1726
bakingingredients,raisins,100g,474,1991
bakingingredients,ricemilk,100ml,49,206
bakingingredients,rocksugar,100g,625,2625
bakingingredients,rolledoats,100g,384,1613
bakingingredients,rum,100ml,246,1033
bakingingredients,semolinaflour,100g,350,1470
bakingingredients,sesameseeds,100g,573,2407
bakingingredients,shreddedcoconut,100g,501,2104
bakingingredients,sorbitol,100g,375,1575
bakingingredients,soymilk,100ml,41,172
bakingingredients,soyproteinpowder,100g,338,1420
bakingingredients,sprinkles,100g,500,2100
bakingingredients,starch,100g,381,1600
bakingingredients,strawberrypreserves,100g,278,1168
bakingingredients,sucrose,100g,387,1625
bakingingredients,sugar,100g,405,1701
bakingingredients,sunflowerseeds,100g,117,491
bakingingredients,sweetenedcondensedmilk,100ml,321,1348
bakingingredients,sweetener,100g,360,1512
bakingingredients,unsaltedbutter,100g,717,3011
bakingingredients,vanillaextract,100ml,288,1210
bakingingredients,vanillasugar,100g,357,1499
bakingingredients,vegetableoil,100g,884,3713
bakingingredients,vegetableshortening,100g,884,3713
bakingingredients,walnuts,100g,131,550
bakingingredients,wholemilk,100ml,61,256
bakingingredients,wholewheatflour,100g,340,1428
bakingingredients,xylitol,100g,240,1008
bakingingredients,yeastdry,100g,325,1365
fishseafood,anchovy,100g,131,550
fishseafood,bluefish,100g,159,668
fishseafood,bream,100g,135,567
fishseafood,butterfish,100g,187,785
fishseafood,calamari,100g,175,735
fishseafood,carp,100g,162,680
fishseafood,caviar,100g,264,1109
fishseafood,clam,100g,148,622
fishseafood,cod,100g,105,441
fishseafood,crawfish,100g,82,344
fishseafood,crayfish,100g,87,365
fishseafood,eel,100g,236,991
fishseafood,fishfingers,100g,290,1218
fishseafood,fishsticks,100g,290,1218
fishseafood,flounder,100g,86,361
fishseafood,grouper,100g,118,496
fishseafood,haddock,100g,90,378
fishseafood,hake,100g,71,298
fishseafood,halibut,100g,111,466
fishseafood,herring,100g,203,853
fishseafood,hoki,100g,121,508
fishseafood,kipper,100g,217,911
fishseafood,ling,100g,109,458
fishseafood,lobster,100g,89,374
fishseafood,mackerel,100g,262,1100
fishseafood,milkfish,100g,190,798
fishseafood,monkfish,100g,97,407
fishseafood,mullet,100g,150,630
fishseafood,mussel,100g,172,722
fishseafood,octopus,100g,164,689
fishseafood,pickerel,100g,111,466
fishseafood,pickledherring,100g,262,1100
fishseafood,pike,100g,113,475
fishseafood,plaice,100g,91,382
fishseafood,pollack,100g,111,466
fishseafood,redsnapper,100g,128,538
fishseafood,redfish,100g,94,395
fishseafood,rollmops,100g,171,718
fishseafood,salmon,100g,206,865
fishseafood,sardines,100g,208,874
fishseafood,scallops,100g,111,466
fishseafood,scampi,100g,84,353
fishseafood,seabass,100g,124,521
fishseafood,shad,100g,252,1058
fishseafood,shark,100g,130,546
fishseafood,smelt,100g,124,521
fishseafood,sole,100g,86,361
fishseafood,squid,100g,92,386
fishseafood,sturgeon,100g,135,567
fishseafood,sushi,100g,150,630
fishseafood,swordfish,100g,172,722
fishseafood,triggerfish,100g,93,391
fishseafood,trout,100g,190,798
fishseafood,tuna,100g,132,554
fishseafood,tunasalad,100g,187,785
fishseafood,turbot,100g,122,512
fishseafood,wahoo,100g,167,701
fishseafood,whitefish,100g,172,722
fishseafood,whiting,100g,116,487
fishseafood,zander,100g,84,353
herbsspices,almondextract,100ml,374,1571
herbsspices,anise,100g,337,1415
herbsspices,aniseseed,100g,337,1415
herbsspices,arrowroot,100g,65,273
herbsspices,arugula,100g,25,105
herbsspices,balsamicvinegar,100ml,88,370
herbsspices,basil,100g,233,979
herbsspices,blackpepper,100g,251,1054
herbsspices,blacksesameseeds,100g,573,2407
herbsspices,broth,100g,100,420
herbsspices,capers,100g,23,97
herbsspices,carawayseeds,100g,333,1399
herbsspices,cardamom,100g,311,1306
herbsspices,cassava,100g,160,672
herbsspices,cayennepepper,100g,318,1336
herbsspices,chard,100g,19,80
herbsspices,chicorygreens,100g,23,97
herbsspices,chicoryroots,100g,72,302
herbsspices,chili,100g,282,1184
herbsspices,chilipowder,100g,282,1184
herbsspices,chives,100g,30,126
herbsspices,cidervinegar,100ml,21,88
herbsspices,cilantro,100g,23,97
herbsspices,cinnamon,100g,247,1037
herbsspices,cloves,100g,274,1151
herbsspices,coriander,100g,23,97
herbsspices,creamoftartar,100g,258,1084
herbsspices,cress,100g,32,134
herbsspices,crystallizedginger,100g,335,1407
herbsspices,cumin,100g,375,1575
herbsspices,cuminseed,100g,375,1575
herbsspices,curry,100g,325,1365
herbsspices,dandelion,100g,45,189
herbsspices,dill,100g,43,181
herbsspices,dillweed,100g,43,181
herbsspices,fennel,100g,31,130
herbsspices,fennelseed,100g,345,1449
herbsspices,fenugreek,100g,323,1357
herbsspices,garlic,100g,149,626
herbsspices,garlicpowder,100g,331,1390
herbsspices,garlicsalt,100g,0,0
herbsspices,ginger,100g,80,336
herbsspices,grapeleaves,100g,93,391
herbsspices,groundginger,100g,335,1407
herbsspices,horseradish,100g,48,202
herbsspices,hotpepper,100g,318,1336
herbsspices,iodizedsalt,100g,0,0
herbsspices,jalapeno,100g,13,55
herbsspices,juniper,100g,45,189
herbsspices,lemongrass,100g,99,416
herbsspices,licorice,100g,375,1575
herbsspices,maggi,100ml,104,437
herbsspices,marjoram,100g,271,1138
herbsspices,mincedonion,100g,40,168
herbsspices,mint,100g,70,294
herbsspices,mustardseed,100g,508,2134
herbsspices,nutmeg,100g,525,2205
herbsspices,okra,100g,33,139
herbsspices,onion,100g,40,168
herbsspices,onionpowder,100g,341,1432
herbsspices,orangepeel,100g,97,407
herbsspices,oregano,100g,265,1113
herbsspices,paprika,100g,282,1184
herbsspices,parsley,100g,36,151
herbsspices,parsnip,100g,75,315
herbsspices,pepper,100g,251,1054
herbsspices,poppyseed,100g,525,2205
herbsspices,poultryseasoning,100g,307,1289
herbsspices,pumpkinpiespice,100g,342,1436
herbsspices,redpepper,100g,251,1054
herbsspices,redwinevinegar,100g,19,80
herbsspices,rosemary,100g,131,550
herbsspices,saffron,100g,310,1302
herbsspices,sage,100g,315,1323
herbsspices,salt,100g,0,0
herbsspices,savory,100g,272,1142
herbsspices,seasalt,100g,0,0
herbsspices,serranopepper,100g,32,134
herbsspices,sesameseeds,100g,573,2407
herbsspices,stevia,100g,0,0
herbsspices,tamarind,100g,239,1004
herbsspices,taro,100g,112,470
herbsspices,tarragon,100g,295,1239
herbsspices,thyme,100g,276,1159
herbsspices,turmeric,100g,354,1487
herbsspices,vanillabean,100g,250,1050
herbsspices,vanillaextract,100ml,288,1210
herbsspices,vinegar,100ml,18,76
herbsspices,whitepepper,100g,296,1243
herbsspices,yam,100g,118,496
pastriesbreadsrolls,applepie,100g,237,995
pastriesbreadsrolls,appleturnover,100g,348,1462
pastriesbreadsrolls,bagel,100g,257,1079
pastriesbreadsrolls,baguette,100g,274,1151
pastriesbreadsrolls,bananabread,100g,326,1369
pastriesbreadsrolls,banananutbread,100g,326,1369
pastriesbreadsrolls,beerbread,100g,227,953
pastriesbreadsrolls,biscuit,100g,269,1130
pastriesbreadsrolls,blackbread,100g,250,1050
pastriesbreadsrolls,branmuffins,100g,270,1134
pastriesbreadsrolls,breadpudding,100g,153,643
pastriesbreadsrolls,breadsticks,100g,400,1680
pastriesbreadsrolls,brioche,100g,346,1453
pastriesbreadsrolls,brownbread,100g,246,1033
pastriesbreadsrolls,brownies,100g,405,1701
pastriesbreadsrolls,bun,100g,316,1327
pastriesbreadsrolls,cannoli,100g,254,1067
pastriesbreadsrolls,caramelcake,100g,385,1617
pastriesbreadsrolls,challah,100g,283,1189
pastriesbreadsrolls,chapati,100g,240,1008
pastriesbreadsrolls,ciabatta,100g,271,1138
pastriesbreadsrolls,cinnamonbun,100g,436,1831
pastriesbreadsrolls,coffeecake,100g,418,1756
pastriesbreadsrolls,conchasmexicansweetbread,100g,353,1483
pastriesbreadsrolls,cornbread,100g,179,752
pastriesbreadsrolls,crepes,100g,224,941
pastriesbreadsrolls,croissant,100g,406,1705
pastriesbreadsrolls,crumpet,100g,178,748
pastriesbreadsrolls,cupcakes,100g,305,1281
pastriesbreadsrolls,donutdoughnut,100g,421,1768
pastriesbreadsrolls,dosa,100g,209,878
pastriesbreadsrolls,empanada,100g,335,1407
pastriesbreadsrolls,englishmuffin,100g,227,953
pastriesbreadsrolls,flatbread,100g,311,1306
pastriesbreadsrolls,focaccia,100g,249,1046
pastriesbreadsrolls,garlicbread,100g,350,1470
pastriesbreadsrolls,hotdogbuns,100g,279,1172
pastriesbreadsrolls,italianbread,100g,271,1138
pastriesbreadsrolls,latkes,100g,189,794
pastriesbreadsrolls,matzobread,100g,351,1474
pastriesbreadsrolls,monkeybread,100g,290,1218
pastriesbreadsrolls,muffin,100g,296,1243
pastriesbreadsrolls,multigrainbread,100g,265,1113
pastriesbreadsrolls,naan,100g,275,1155
pastriesbreadsrolls,oatmealcookies,100g,450,1890
pastriesbreadsrolls,oatmealraisincookies,100g,435,1827
pastriesbreadsrolls,pandesal,100g,293,1231
pastriesbreadsrolls,pancake,100g,233,979
pastriesbreadsrolls,pandesal,100g,293,1231
pastriesbreadsrolls,panettone,100g,318,1336
pastriesbreadsrolls,pide,100g,268,1126
pastriesbreadsrolls,pie,100g,237,995
pastriesbreadsrolls,pitabread,100g,275,1155
pastriesbreadsrolls,potatobread,100g,266,1117
pastriesbreadsrolls,pretzel,100g,338,1420
pastriesbreadsrolls,pretzelroll,100g,338,1420
pastriesbreadsrolls,puffpastry,100g,558,2344
pastriesbreadsrolls,pumpernickel,100g,250,1050
pastriesbreadsrolls,raisinbread,100g,274,1151
pastriesbreadsrolls,roll,100g,316,1327
pastriesbreadsrolls,roti,100g,264,1109
pastriesbreadsrolls,ryebread,100g,259,1088
pastriesbreadsrolls,sandwich,100g,304,1277
pastriesbreadsrolls,sandwichbread,100g,251,1054
pastriesbreadsrolls,scone,100g,362,1520
pastriesbreadsrolls,shortcrustpastry,100g,544,2285
pastriesbreadsrolls,sodabread,100g,290,1218
pastriesbreadsrolls,soufflé,100g,204,857
pastriesbreadsrolls,sourdoughbread,100g,289,1214
pastriesbreadsrolls,spanakopita,100g,246,1033
pastriesbreadsrolls,spicecake,100g,332,1394
pastriesbreadsrolls,sweetrolls,100g,333,1399
pastriesbreadsrolls,swissroll,100g,313,1315
pastriesbreadsrolls,toast,100g,261,1096
pastriesbreadsrolls,tortilla,100g,297,1247
pastriesbreadsrolls,tortillabread,100g,265,1113
pastriesbreadsrolls,whitebread,100g,238,1000
pastriesbreadsrolls,wholewheatbread,100g,247,1037
saucesdressings,1000islanddressing,100ml,370,1554
saucesdressings,ajvar,100ml,18,76
saucesdressings,arrabiatasauce,100g,36,151
saucesdressings,balsamicvinaigrettedressing,100ml,290,1218
saucesdressings,barbecuesauce,100g,150,630
saucesdressings,bechamelsauce,100g,225,945
saucesdressings,bernaisesauce,100g,414,1739
saucesdressings,bluecheesedressing,100ml,533,2239
saucesdressings,bolognese,100g,106,445
saucesdressings,buttermilkranchdressing,100ml,533,2239
saucesdressings,caesardressing,100ml,429,1802
saucesdressings,catalinadressing,100ml,282,1184
saucesdressings,chasseursauce,100g,45,189
saucesdressings,chilisauce,100g,112,470
saucesdressings,creamsauce,100g,180,756
saucesdressings,curryketchup,100g,124,521
saucesdressings,currysauce,100g,26,109
saucesdressings,frenchdressing,100ml,60,252
saucesdressings,gravy,100g,53,223
saucesdressings,greekdressing,100ml,467,1961
saucesdressings,hamburgersauce,100g,383,1609
saucesdressings,harissa,100g,52,218
saucesdressings,hollandaisesauce,100g,535,2247
saucesdressings,honeymustarddressing,100ml,464,1949
saucesdressings,horseradish,100g,48,202
saucesdressings,italiandressing,100ml,293,1231
saucesdressings,ketchup,100g,100,420
saucesdressings,mayonnaise,100g,692,2906
saucesdressings,mustard,100g,60,252
saucesdressings,mustardsauce,100g,645,2709
saucesdressings,orangesauce,100g,179,752
saucesdressings,pesto,100g,458,1924
saucesdressings,ranchdressing,100ml,510,2142
saucesdressings,remouladesauce,100g,635,2667
saucesdressings,russiandressing,100ml,400,1680
saucesdressings,saladdressing,100ml,449,1886
saucesdressings,sambaloelek,100g,21,88
saucesdressings,sesamegingerdressing,100ml,464,1949
saucesdressings,sesamepaste,100g,595,2499
saucesdressings,sourcream,100g,217,911
saucesdressings,sourcreamsauce,100g,60,252
saucesdressings,soysauce,100ml,67,281
saucesdressings,sweetandsoursauce,100g,179,752
saucesdressings,tabasco,100g,70,294
saucesdressings,teriyakisauce,100g,89,374
saucesdressings,thaicurrypaste,100g,155,651
saucesdressings,tomatopaste,100g,82,344
saucesdressings,tomatopuree,100g,38,160
saucesdressings,tomatosauce,100g,24,101
saucesdressings,tzatziki,100g,94,395
saucesdressings,vinaigrette,100ml,120,504
saucesdressings,worcestershiresauce,100ml,78,328
saucesdressings,yogurtdressing,100ml,45,189
saucesdressings,zestyitaliandressing,100ml,267,1121
spreads,almondbutter,100g,614,2579
spreads,applebutter,100g,173,727
spreads,applesauce,100g,68,286
spreads,apricotjam,100g,250,1050
spreads,blackberryjam,100g,250,1050
spreads,blackcurrantjam,100g,250,1050
spreads,blueberryjam,100g,250,1050
spreads,cheesespread,100g,290,1218
spreads,cherryjam,100g,250,1050
spreads,chocolatephiladelphia,100g,287,1205
spreads,chocolatespread,100g,541,2272
spreads,creamcheese,100g,342,1436
spreads,egg,100g,97,407
spreads,grapejelly,100g,255,1071
spreads,honey,100g,304,1277
spreads,jelly,100g,278,1168
spreads,jifpeanutbutter,100g,580,2436
spreads,liverwurst,100g,305,1281
spreads,margarine,100g,717,3011
spreads,marmite,100g,225,945
spreads,marshmallowfluff,100g,666,2797
spreads,nutella,100g,544,2285
spreads,olivespread,100g,550,2310
spreads,pâté720pate,100g,319,1340
spreads,peanutbutter,100g,589,2474
spreads,peterpanpeanutbutter,100g,609,2558
spreads,philadelphiacreamcheese,100g,342,1436
spreads,plumjam,100g,250,1050
spreads,saltedbutter,100g,717,3011
spreads,skippypeanutbutter,100g,594,2495
spreads,smuckersstrawberryjam,100g,250,1050
spreads,strawberryjam,100g,250,1050
spreads,strawberryjelly,100g,250,1050
spreads,sunbutter,100g,617,2591
spreads,sunflowerbutter,100g,617,2591
spreads,tapenade,100g,233,979
spreads,unsaltedbutter,100g,717,3011
spreads,vegemite,100g,180,756
spreads,wildhoney,100g,286,1201
